_id,artist,image_url,release_date,id,name,popularity,mbti
61b1eeb92dde1bd4a713047e,Moe Shop,https://i.scdn.co/image/ab67616d0000b2733ce297024e95a72f027c5d14,2016-05-22,0XVoD3TmJVEYdRzZoe0Ewy,Love Taste,69,esfp
61b1eeb92dde1bd4a713047f,McCafferty,https://i.scdn.co/image/ab67616d0000b273e993692743470c7ed913c2f7,2014-01-01,70uQzsAyJ1vmloywhrO0ss,Beachboy,69,esfp
61b1eeb92dde1bd4a7130480,LoveLeo,https://i.scdn.co/image/ab67616d0000b27334d3849cf39cd99ce2a27b8b,2020-01-10,3WmgMoWZ1E5yNyn2aUzWAr,BOYFREN,65,esfp
61b1eeb92dde1bd4a7130481,Inner Wave,https://i.scdn.co/image/ab67616d0000b27361e491f9bbbc1b63fa8fdf19,2014-08-25,69Tf2qK9sYOi1ncnXrfIUV,1 4 2,63,esfp
61b1eeb92dde1bd4a7130482,Jack Stauber's Micropop,https://i.scdn.co/image/ab67616d0000b27348cc1333d5c15fbf25f7c49d,2020-03-08,2zmo93xTzKTP0lztR9iy9H,Coffee,70,esfp
61b1eeb92dde1bd4a7130483,Cults,https://i.scdn.co/image/ab67616d0000b273bb2c501e91fd02780cd332c6,2013-10-15,2enPRFda84VE2wtI8c86Uf,Always Forever,82,esfp
61b1eeb92dde1bd4a7130484,Lana Del Rey,https://i.scdn.co/image/ab67616d0000b2731624590458126fc8b8c64c2f,2014-01-01,1NZs6n6hl8UuMaX0UC0YTz,Brooklyn Baby,79,esfp
61b1eeb92dde1bd4a7130485,CORPSE,https://i.scdn.co/image/ab67616d0000b2733cfbb809971b6da51daf254e,2020-09-25,7bCfHiRcfUjG0YVVNUL7Ve,E-GIRLS ARE RUINING MY LIFE!,78,esfp
61b1eeb92dde1bd4a7130486,Dolly Parton,https://i.scdn.co/image/ab67616d0000b27326399936751b54c7e9782324,1974-02-04,2SpEHTbUuebeLkgs9QB7Ue,Jolene,74,esfp
61b1eeb92dde1bd4a7130487,Neon Trees,https://i.scdn.co/image/ab67616d0000b2734a6c0376235e5aa44e59d2c2,2012-01-01,2iUmqdfGZcHIhS3b9E9EWq,Everybody Talks,82,esfp
61b1eeb92dde1bd4a7130488,Saint Motel,https://i.scdn.co/image/ab67616d0000b27325dd1a3969c0912291b6fc7b,2016-10-21,6kcHg7XL6SKyPNd78daRBL,Sweet Talk,68,esfp
61b1eeb92dde1bd4a7130489,MARINA,https://i.scdn.co/image/ab67616d0000b273203e4c6a048df02a21cdd813,2012-04-30,2sEk5R8ErGIFxbZ7rX6S2S,How to Be a Heartbreaker,73,esfp
61b1eeb92dde1bd4a713048a,Dominic Fike,https://i.scdn.co/image/ab67616d0000b2734a42166d927b3acce345c5c0,2018-10-16,1tNJrcVe6gwLEiZCtprs1u,3 Nights,77,esfp
61b1eeb92dde1bd4a713048b,Don Toliver,https://i.scdn.co/image/ab67616d0000b27345190a074bef3e8ce868b60c,2020-03-13,527k23H0A4Q0UJN3vGs0Da,After Party,82,esfp
61b1eeb92dde1bd4a713048c,COIN,https://i.scdn.co/image/ab67616d0000b273e086dd341bb0c30d235f9cac,2017-04-21,4djIFfof5TpbSGRZUpsTXq,Talk Too Much,74,esfp
61b1eeb92dde1bd4a713048d,Arctic Monkeys,https://i.scdn.co/image/ab67616d0000b2734ae1c4c5c45aabe565499163,2013-09-09,7nzsY8vlnKdvGOEE0rjAXZ,Arabella,76,esfp
61b1eeb92dde1bd4a713048e,MARINA,https://i.scdn.co/image/ab67616d0000b273203e4c6a048df02a21cdd813,2012-04-30,6IbnUaczZBT34DhaD6S18F,Bubblegum Bitch,80,esfp
61b1eeb92dde1bd4a713048f,WILLOW,https://i.scdn.co/image/ab67616d0000b2736ee651e65c3766d80e7fcab7,2015-01-11,0y60itmpH0aPKsFiGxmtnh,Wait a Minute!,84,esfp
61b1eeb92dde1bd4a7130490,Remi Wolf,https://i.scdn.co/image/ab67616d0000b2730e68fefa1408603f54a4d664,2020-06-24,1xNknVNOolLB4oQeEtNBX2,Hello Hello Hello,60,esfp
61b1eeb92dde1bd4a7130491,Wallows,https://i.scdn.co/image/ab67616d0000b273789e81b6ddbcbeda579d6066,2018-04-06,4gZDCOFuLCxCRWNhSEcOtJ,These Days,69,esfp
61b1eeb92dde1bd4a7130492,347aidan,https://i.scdn.co/image/ab67616d0000b2735f4fbb2f9c3de128e526944c,2020-10-26,6Pgmqg15yVexuOgtzuxwoX,Dancing in My Room,80,esfp
61b1eeb92dde1bd4a7130493,MARINA,https://i.scdn.co/image/ab67616d0000b273203e4c6a048df02a21cdd813,2012-04-30,4sOX1nhpKwFWPvoMMExi3q,Primadonna,72,esfp
61b1eeb92dde1bd4a7130494,Harry Styles,https://i.scdn.co/image/ab67616d0000b2736c619c39c853f8b1d67b7859,2017-05-12,33SNO8AaciGbNaQFkxvPrW,Kiwi,80,esfp
61b1eeb92dde1bd4a7130495,Lana Del Rey,https://i.scdn.co/image/ab67616d0000b273f894be72a77b1488292672c7,2012-01-01,6BFnRhvKCclDQOajt8dBGi,Diet Mountain Dew,56,esfp
61b1eeb92dde1bd4a7130496,Melanie Martinez,https://i.scdn.co/image/ab67616d0000b2733899712512f50a8d9e01e951,2015-08-14,4DpNNXFMMxQEKl7r0ykkWA,Play Date,82,esfp
61b1eeb92dde1bd4a7130497,Mother Mother,https://i.scdn.co/image/ab67616d0000b2734f2dc51d1c8453753af90ad0,2007-05-08,266Vb7ItE3o1q8HdJ9QOvn,Verbatim,76,esfp
61b1eeb92dde1bd4a7130498,awfultune,https://i.scdn.co/image/ab67616d0000b27324921d31f2bd373aaf04a6ab,2019-07-31,0mr8FAnN9X70p5KRUwMIJx,I Met Sarah in the Bathroom,81,esfp
61b1eeb92dde1bd4a7130499,Conan Gray,https://i.scdn.co/image/ab67616d0000b27388e3cda6d29b2552d4d6bc43,2020-03-20,6uaBrivDHCaV0uBTiwHTUi,Comfort Crowd,70,esfp
61b1eeb92dde1bd4a713049a,K.Flay,https://i.scdn.co/image/ab67616d0000b273be9f834ad14e0d95a35a6981,2017-04-07,1qwno7xb5mJe71xtMS6jl2,High Enough,79,esfp
61b1eebb2dde1bd4a713049b,Mindless Self Indulgence,https://i.scdn.co/image/ab67616d0000b273d35b1b5785bad9b1f8520b93,2011-04-26,1kTZ1aERsOBTrihsDdGFNn,Molly,70,estp
61b1eebb2dde1bd4a713049c,McCafferty,https://i.scdn.co/image/ab67616d0000b2735d4dbee48fb65c87ab07b69f,2017-11-27,2ZMxeRHTaoH1GgYAv16QyB,Trees,61,estp
61b1eebb2dde1bd4a713049d,Mindless Self Indulgence,https://i.scdn.co/image/ab67616d0000b273ccb1ab81191b680b84a2e616,2008-04-29,0YKPrW5i0gcJ9e5GNSAQti,Lights Out,59,estp
61b1eebb2dde1bd4a713049e,Olivier Cazier,https://i.scdn.co/image/ab67616d0000b2734ae888f653d2d7bd06d2abe4,2020-09-18,0A64VlPLZuN4VWy1BJwY5n,Obsession,52,estp
61b1eebb2dde1bd4a713049f,Sorority Noise,https://i.scdn.co/image/ab67616d0000b273e12d49292f2f60a732a81a71,2014-05-13,0F0bUjqrveFfAkLpZbVVkS,"Blonde Hair, Black Lungs",57,estp
61b1eebb2dde1bd4a71304a0,Panic! At The Disco,https://i.scdn.co/image/ab67616d0000b2730a8881b0d247346c3c447bf3,2005-09-27,4bPQs0PHn4xbipzdPfn6du,I Write Sins Not Tragedies,75,estp
61b1eebb2dde1bd4a71304a1,Mother Mother,https://i.scdn.co/image/ab67616d0000b2736d82586633548d5c122ee00c,2008-09-23,2kS6td1yvmpNgZTt1q5pQq,Hayloft,81,estp
61b1eebb2dde1bd4a71304a2,Destructo Disk,https://i.scdn.co/image/ab67616d0000b273e60d8b87c173b458f4f67c10,2018-08-01,75MALmx6EHZ9YLUaqRqa23,I Wish I Was A Riot Grrrl,55,estp
61b1eebb2dde1bd4a71304a3,Teddy Hyde,https://i.scdn.co/image/ab67616d0000b273b0cb0a0d42edaa23b1f4c8f0,2018-04-02,1Y2583xYzwiEXDetAB7H1Q,Sex with a Ghost,71,estp
61b1eebb2dde1bd4a71304a4,Mindless Self Indulgence,https://i.scdn.co/image/ab67616d0000b2739b8cb2bda5bae9b8354a9d89,2013,1VdAWlvKSEe7nDd1zYok9O,Witness,54,estp
61b1eebb2dde1bd4a71304a5,Mother Mother,https://i.scdn.co/image/ab67616d0000b2736d82586633548d5c122ee00c,2008-09-23,0VmREvheUiN0xgM5fJYQqp,Body,70,estp
61b1eebb2dde1bd4a71304a6,Mindless Self Indulgence,https://i.scdn.co/image/ab67616d0000b273ccb1ab81191b680b84a2e616,2008-04-29,2JbBt7EID9Azxi9q15VRnO,Prescription,55,estp
61b1eebb2dde1bd4a71304a7,McCafferty,https://i.scdn.co/image/ab67616d0000b273e993692743470c7ed913c2f7,2014-01-01,70uQzsAyJ1vmloywhrO0ss,Beachboy,69,estp
61b1eebb2dde1bd4a71304a8,Mother Mother,https://i.scdn.co/image/ab67616d0000b2736d82586633548d5c122ee00c,2008-09-23,2y51QpLzI5qbWfCcSx9Tu1,Wrecking Ball,66,estp
61b1eebb2dde1bd4a71304a9,Mindless Self Indulgence,https://i.scdn.co/image/ab67616d0000b273ccb1ab81191b680b84a2e616,2008-04-29,1OzBgu7EIcab8wxnpWB9Qu,Mastermind,51,estp
61b1eebb2dde1bd4a71304aa,Tally Hall,https://i.scdn.co/image/ab67616d0000b27325a5a1ed28871e8e53e62d59,2011-06-21,3xpdefOloYCBXd3UR6MVyM,Turn the Lights Off,67,estp
61b1eebb2dde1bd4a71304ab,Sir Chloe,https://i.scdn.co/image/ab67616d0000b273f6ab3aa52a1b776a859c9ec7,2020-10-23,1iBljl6IFBU6OkUMJVKMbn,Animal,70,estp
61b1eebb2dde1bd4a71304ac,Mother Mother,https://i.scdn.co/image/ab67616d0000b2734f2dc51d1c8453753af90ad0,2007-05-08,1MOyN6opDPpLi3nTfgEcjS,Dirty Town,52,estp
61b1eebb2dde1bd4a71304ad,The Orion Experience,https://i.scdn.co/image/ab67616d0000b273df30bfe435e2f385a93a29d5,2006-01-01,08KTQSs3ickNki7FFTb6fY,The Cult of Dionysus,72,estp
61b1eebb2dde1bd4a71304ae,Destroy Boys,https://i.scdn.co/image/ab67616d0000b273c0c277ce1a3cabb6371f5eca,2018-10-19,43FtpuAePqILFhq4yrWeQu,Vixen,58,estp
61b1eebb2dde1bd4a71304af,Lemon Demon,https://i.scdn.co/image/ab67616d0000b27361b3be79f762377a297b9e8c,2014-11-02,6ibbHAoBrdqJxo345QGumd,A Mask of My Own Face,60,estp
61b1eebb2dde1bd4a71304b0,Mindless Self Indulgence,https://i.scdn.co/image/ab67616d0000b2739fca40bcb8073b89d626aef0,2005,3oZUlZMXkj51AyYG8lGaE7,Shut Me Up,62,estp
61b1eebb2dde1bd4a71304b1,Jazmin Bean,https://i.scdn.co/image/ab67616d0000b273eea4d8ef4ad2b9b0a7f00d37,2020-11-11,0xLCawHAfE3tqlPWRvhT49,Saccharine,61,estp
61b1eebb2dde1bd4a71304b2,I DONT KNOW HOW BUT THEY FOUND ME,https://i.scdn.co/image/ab67616d0000b273e9774ee3932efbc4c3d68e6b,2018-08-24,37mfTcSlX60JtAvAETytGs,Choke,75,estp
61b1eebb2dde1bd4a71304b3,Jazmin Bean,https://i.scdn.co/image/ab67616d0000b273eea4d8ef4ad2b9b0a7f00d37,2020-11-11,0lUSIaEhUApWIbru6IX21z,Worldwide Torture,54,estp
61b1eebb2dde1bd4a71304b4,I DONT KNOW HOW BUT THEY FOUND ME,https://i.scdn.co/image/ab67616d0000b273d6dfb454b77efaccc1371d14,2018-11-09,4hs2FbesB8qo6H5Berbikd,Absinthe,63,estp
61b1eebb2dde1bd4a71304b5,Mother Mother,https://i.scdn.co/image/ab67616d0000b2730593d798ca1c1e45eedb1df6,2011-03-15,6HSbHJSeDXW0nej0oSXSE1,The Stand,54,estp
61b1eebb2dde1bd4a71304b6,Miracle Musical,https://i.scdn.co/image/ab67616d0000b2738fcbcb3e5252e5f98f515978,2012,2aDk1KkyB7ieSwwEDXCHJg,The Mind Electric,58,estp
61b1eebb2dde1bd4a71304b7,My Chemical Romance,https://i.scdn.co/image/ab67616d0000b27317f77fab7e8f18d5f9fee4a1,2006-10-23,7j31rVgGX9Q2blT92VBEA0,Teenagers,85,estp
61b1eebb2dde1bd4a71304b8,Call Me Karizma,https://i.scdn.co/image/ab67616d0000b273ebc3ea9efe370f5461973b9d,2019-07-26,7fBKbK8897K5V5zgr7ymIz,Rebels,68,estp
61b1eebb2dde1bd4a71304b9,Hobo Johnson,https://i.scdn.co/image/ab67616d0000b2733bf723a8f9cb66971812f472,2019-09-13,3EY1vEkydU2oguC17jzhTZ,Typical Story,62,estp
61b1eebb2dde1bd4a71304ba,AURORA,https://i.scdn.co/image/ab67616d0000b273d3a757231b119bacf68b3ec2,2014,0TCmhnbMpw5zwPsTvlXTJi,Runaway,76,isfp
61b1eebb2dde1bd4a71304bb,carolesdaughter,https://i.scdn.co/image/ab67616d0000b2734c45a78f4aeaf419f25135f5,2020-11-23,7CFfqRW50ffULvBv7lfIIg,Violent,76,isfp
61b1eebb2dde1bd4a71304bc,Surf Curse,https://i.scdn.co/image/ab67616d0000b2736e1b42c6839befe5498dbefc,2015-05-10,3LKMTu8clGSAAfSA1IsA47,Goth Babe,57,isfp
61b1eebb2dde1bd4a71304bd,Mounika.,https://i.scdn.co/image/ab67616d0000b2732882d91037e3a89b54a103f1,2017-06-24,3DYZKxjG8SZrWpVcoUilqQ,Cut My Hair,63,isfp
61b1eebb2dde1bd4a71304be,Frances Forever,https://i.scdn.co/image/ab67616d0000b2735bf94c975a1a77b614c00283,2020-03-27,7FjIYiD53wxlQmzTT6Wdpf,space girl,73,isfp
61b1eebb2dde1bd4a71304bf,Jack Stauber,https://i.scdn.co/image/ab67616d0000b273f65bfa6478ec5f1895d37d8f,2017-03-25,6SZwj6cjc8JQbkrr8cbIUn,Oh Klahoma,76,isfp
61b1eebb2dde1bd4a71304c0,LLusion,https://i.scdn.co/image/ab67616d0000b273ce776769ed7249e6a28f7afe,2020-06-18,4Kpt4pk9xgOlIgu9qvUrxC,walk but in a garden (with mxmtoon),55,isfp
61b1eebb2dde1bd4a71304c1,Arctic Monkeys,https://i.scdn.co/image/ab67616d0000b273dcd504f678c14b1593605ff5,2006-02-21,0ZRrJTPXDToRJ2iLo9oLrW,When The Sun Goes Down,62,isfp
61b1eebb2dde1bd4a71304c2,The Marías,https://i.scdn.co/image/ab67616d0000b2730924b9c6232d2348d4efa0dc,2017-11-03,190IqlryWu91WBKeDgZqZz,Only in My Dreams,68,isfp
61b1eebb2dde1bd4a71304c3,Lorde,https://i.scdn.co/image/ab67616d0000b273f8553e18a11209d4becd0336,2017-06-16,5q4BpnMrYEFzLO0dYODj6J,The Louvre,66,isfp
61b1eebb2dde1bd4a71304c4,girl in red,https://i.scdn.co/image/ab67616d0000b2736c49a1aab054d5a62558af43,2020-08-26,6lhuBaygBqxBjdcXrM685k,Rue,63,isfp
61b1eebb2dde1bd4a71304c5,Catfish and the Bottlemen,https://i.scdn.co/image/ab67616d0000b273b87da477ad10e87b09b88d1e,2014-09-15,1MHYAqWWdDRePmnqORynrq,Kathleen,66,isfp
61b1eebb2dde1bd4a71304c6,Sir Chloe,https://i.scdn.co/image/ab67616d0000b273c852d66144c55d43b9d8b276,2019-04-11,3sa1wUB8FAkoH95MGPGBWI,Michelle,65,isfp
61b1eebb2dde1bd4a71304c7,Arctic Monkeys,https://i.scdn.co/image/ab67616d0000b2734ae1c4c5c45aabe565499163,2013-09-09,086myS9r57YsLbJpU0TgK9,Why'd You Only Call Me When You're High?,86,isfp
61b1eebb2dde1bd4a71304c8,Lana Del Rey,https://i.scdn.co/image/ab67616d0000b2731624590458126fc8b8c64c2f,2014-01-01,5Y6nVaayzitvsD5F7nr3DV,West Coast,72,isfp
61b1eebb2dde1bd4a71304c9,Lana Del Rey,https://i.scdn.co/image/ab67616d0000b273a3b3f48ca81acacb3ad4ec8a,2015-09-18,7g3htkaLz4ETFn0cifwM3y,High By The Beach,68,isfp
61b1eebb2dde1bd4a71304ca,Eyedress,https://i.scdn.co/image/ab67616d0000b273a56906d8f2ddb9642ee6e6e9,2019-12-06,5s2zbxZI4Ym5LTKwjZHS2V,Jealous,71,isfp
61b1eebb2dde1bd4a71304cb,The Lumineers,https://i.scdn.co/image/ab67616d0000b273cd34380a48c22de3d0e475de,2016-04-08,3d8y0t70g7hw2FOWl9Z4Fm,Ophelia,76,isfp
61b1eebb2dde1bd4a71304cc,Wild Party,https://i.scdn.co/image/ab67616d0000b273b2b05168e86b0af78ede0d97,2014-10-07,21xou84xCn9aF4z2N5GzTK,Life's Too Short,47,isfp
61b1eebb2dde1bd4a71304cd,Mitski,https://i.scdn.co/image/ab67616d0000b273e90db8983ebd43b776694179,2014-11-11,5411TEB6tlzvuF5A4oyldr,Francis Forever,75,isfp
61b1eebb2dde1bd4a71304ce,The Japanese House,https://i.scdn.co/image/ab67616d0000b2734408ede3829b9cbcaea9f3b8,2017-06-30,0U3u0HdRQjD8mAMYBak4Ok,Saw You In A Dream,69,isfp
61b1eebb2dde1bd4a71304cf,Cavetown,https://i.scdn.co/image/ab67616d0000b27317add53ee7ef16ac10e6f8a9,2019-04-12,6suYoN4gFkanqOBn5yRnJC,Boys Will Be Bugs,77,isfp
61b1eebb2dde1bd4a71304d0,Coyote Theory,https://i.scdn.co/image/ab67616d0000b273d45404b4c5a5444cb06c9f7b,2020-12-11,79EkGysjP2dL5GdpeQjRxT,This Side of Paradise,79,isfp
61b1eebb2dde1bd4a71304d1,Mitski,https://i.scdn.co/image/ab67616d0000b273c428f67b4a9b7e1114dfc117,2018-08-17,3pANfZVFdtuVnJsE6xa5Ox,Me and My Husband,78,isfp
61b1eebb2dde1bd4a71304d2,beabadoobee,https://i.scdn.co/image/ab67616d0000b273fe11583497b2a332995b88ed,2018-12-07,6F5mZpEEjhsAW8UEqbIpz1,Tired,74,isfp
61b1eebb2dde1bd4a71304d3,Kuwada,https://i.scdn.co/image/ab67616d0000b27352a6eabad98cde4e6e317b9c,2018-02-09,44uCMdE6RWnkOFYTtbmUUc,Cherry Cola,64,isfp
61b1eebb2dde1bd4a71304d4,Limbo,https://i.scdn.co/image/ab67616d0000b27393b80cc9f023064b3b8ca7b2,2018-01-08,69GQG5cXGUFq4dqCbExWui,Airplane Mode,68,isfp
61b1eebb2dde1bd4a71304d5,mxmtoon,https://i.scdn.co/image/ab67616d0000b27343def9298e39310a2033b8d1,2018-12-07,2h3Q3wDxLNfBh0yX8d3jib,cliché,66,isfp
61b1eebb2dde1bd4a71304d6,Peach Pit,https://i.scdn.co/image/ab67616d0000b273241c6f0d19ffcda38f58c7f8,2018-06-27,0ZK8TGOsngrstVPsnrHbK1,Peach Pit,65,isfp
61b1eebb2dde1bd4a71304d7,Cage The Elephant,https://i.scdn.co/image/ab67616d0000b273fb1cb900d28642e668d77b12,2013-10-08,43O3Iu8mDJy10i6k8SVRXX,Take It or Leave It,57,isfp
61b1eebb2dde1bd4a71304d8,Big Thief,https://i.scdn.co/image/ab67616d0000b273b0b367262da7a05352e0b8fe,2016-05-27,6lU6rPNgmEhilIurtFmkFm,Real Love,54,isfp
61b1eebb2dde1bd4a71304d9,Clairo,https://i.scdn.co/image/ab67616d0000b27333ccb60f9b2785ef691b2fbc,2019-08-02,7B3z0ySL9Rr0XvZEAjWZzM,Sofia,83,isfp
61b1eebb2dde1bd4a71304da,Banes World,https://i.scdn.co/image/ab67616d0000b273a6fa743127e9cd0e58677df1,2017-01-26,5Ss6DqCldgTmIo6BekVOJT,You Say I'm in Love,67,isfp
61b1eebb2dde1bd4a71304db,Rex Orange County,https://i.scdn.co/image/ab67616d0000b273dbf3c10406ac999c39bf4a97,2016-11-07,02tvc9CFnTyHuSRlGeNv9w,Corduroy Dreams,74,isfp
61b1eebb2dde1bd4a71304dc,girl in red,https://i.scdn.co/image/ab67616d0000b2738208bad5c9e425bafa68191e,2018-03-02,3h3pOvw6hjOvZxRUseB7h9,i wanna be your girlfriend,80,isfp
61b1eebb2dde1bd4a71304dd,The Beatles,https://i.scdn.co/image/ab67616d0000b273692d9189b2bd75525893f0c1,1967-11-27,3Am0IbOxmvlSXro7N5iSfZ,Strawberry Fields Forever - Remastered 2009,71,isfp
61b1eebb2dde1bd4a71304de,Clairo,https://i.scdn.co/image/ab67616d0000b27371179dd3ac3cba1d14920469,2018-04-27,5mIOsPuQdXchVY0jB5NO9Q,4EVER,73,isfp
61b1eebb2dde1bd4a71304df,Kinneret,https://i.scdn.co/image/ab67616d0000b273f1a863fbd0eb41e37d038bac,2019-06-28,78Vm1H6bT8WQyPNyx7HBhP,No Wind Resistance!,67,isfp
61b1eebb2dde1bd4a71304e0,Clairo,https://i.scdn.co/image/ab67616d0000b273efe812ae54f0698a32ccae14,2017-08-04,0KyAGiNGUytG5JLxJu4F6l,Pretty Girl,79,isfp
61b1eebb2dde1bd4a71304e1,girl in red,https://i.scdn.co/image/ab67616d0000b273eb13fbc012815ea6e834e842,2018-11-21,1BYZxKSf0aTxp8ZFoeyM3d,we fell in love in october,85,isfp
61b1eebb2dde1bd4a71304e2,Declan McKenna,https://i.scdn.co/image/ab67616d0000b273ec8be21d32e663885fbb244e,2017-07-21,5Bge1Dsqjc14hhGguYML5w,Why Do You Feel So Down,67,isfp
61b1eebc2dde1bd4a71304e3,The Neighbourhood,https://i.scdn.co/image/ab67616d0000b273ee14a6d816e596e176575962,2013-05-08,5v8aEcHcaJIGYpfVVPtJjI,Wires,73,istp
61b1eebc2dde1bd4a71304e4,COIN,https://i.scdn.co/image/ab67616d0000b273667a552700a09676a52ccf0f,2020-02-21,5czZkLGepjburbkbEaCfm4,Cemetery,62,istp
61b1eebc2dde1bd4a71304e5,The Front Bottoms,https://i.scdn.co/image/ab67616d0000b2736d63200847e10f38aca82f7a,2013-05-21,14N3tALR3Mhf7UHpJRKk4L,Twin Size Mattress,67,istp
61b1eebc2dde1bd4a71304e6,The Front Bottoms,https://i.scdn.co/image/ab67616d0000b2732c98dd8f4413e70f8e736ee4,2014-06-17,7FtWXX2sRIGx95t3cPyHw8,Be Nice To Me,63,istp
61b1eebc2dde1bd4a71304e7,Mother Mother,https://i.scdn.co/image/ab67616d0000b27373eef2e5d5c258e5ed454c91,2012-09-18,0rPsA6WNBe8BdSgth2z0HG,Little Pistol,61,istp
61b1eebc2dde1bd4a71304e8,Glass Animals,https://i.scdn.co/image/ab67616d0000b273ec3d15eab5bd77027abc4b23,2016-08-26,37adYGaYaAWTGhBaOzX4Fh,Take A Slice,73,istp
61b1eebc2dde1bd4a71304e9,Pink Guy,https://i.scdn.co/image/ab67616d0000b2731e8fd05e38f85c0a52bf017f,2017-01-04,0Dfctnkk9xIikDKJ06uwzo,She's So Nice,66,istp
61b1eebc2dde1bd4a71304ea,MARINA,https://i.scdn.co/image/ab67616d0000b27336f6918170afcb7fe66130e5,2010-02-15,4sNwdacKyi2S26WrRtNama,Oh No!,72,istp
61b1eebc2dde1bd4a71304eb,Molchat Doma,https://i.scdn.co/image/ab67616d0000b273d4549c0e601fbe7e8622a2f5,2018-09-07,1SHB1hp6267UK9bJQUxYvO,Судно (Борис Рижий),78,istp
61b1eebc2dde1bd4a71304ec,Lil Darkie,https://i.scdn.co/image/ab67616d0000b273d4638523848beff19bff7226,2019-10-12,18Gcl5bxdd8bpBhWOj1rCR,HAHA,68,istp
61b1eebc2dde1bd4a71304ed,Lil Peep,https://i.scdn.co/image/ab67616d0000b273687ba13245209baae15d512a,2021-07-02,5GLW3IBX8Nhsup4bBLyGxa,witchblades,77,istp
61b1eebc2dde1bd4a71304ee,Nirvana,https://i.scdn.co/image/ab67616d0000b273e175a19e530c898d167d39bf,1991-09-26,4P5KoWXOxwuobLmHXLMobV,Come As You Are,76,istp
61b1eebc2dde1bd4a71304ef,Foster The People,https://i.scdn.co/image/ab67616d0000b273121d5f92cf90576907dfb1e5,2011-05-23,7w87IxuO7BDcJ3YUqCyMTT,Pumped Up Kicks,85,istp
61b1eebc2dde1bd4a71304f0,t.A.T.u.,https://i.scdn.co/image/ab67616d0000b2733b27e1cd8a6bc6804c2e5fd2,2002,4bJygwUKrRgq1stlNXcgMg,All The Things She Said,78,istp
61b1eebc2dde1bd4a71304f1,Destroy Boys,https://i.scdn.co/image/ab67616d0000b2738b6a8a07bfd3ba3f5db8382d,2017-02-04,2NBxGmbCTLArOiMyWEWsPE,I Threw Glass at My Friend's Eyes and Now I'm on Probation,69,istp
61b1eebc2dde1bd4a71304f2,Miley Cyrus,https://i.scdn.co/image/ab67616d0000b27358577eee4dcd34c7be1512d1,2020-09-29,5i7ThJfYLAzp2DyZuFpF6j,Heart Of Glass (Live from the iHeart Festival),71,istp
61b1eebc2dde1bd4a71304f3,Arctic Monkeys,https://i.scdn.co/image/ab67616d0000b2730c8ac83035e9588e8ad34b90,2007-04-24,7e8utCy2JlSB8dRHKi49xM,Fluorescent Adolescent,69,istp
61b1eebc2dde1bd4a71304f4,Insane Clown Posse,https://i.scdn.co/image/ab67616d0000b273b11270b7212912185c171598,2007-01-01,21DhGvrfC9W2FBjW5EJmWE,My Axe,54,istp
61b1eebc2dde1bd4a71304f5,Steve Lacy,https://i.scdn.co/image/ab67616d0000b2739b791593e61e77e9a1c092fa,2019-05-24,7MlAND46qL6L5npwOhbaZK,Love 2 Fast,55,istp
61b1eebc2dde1bd4a71304f6,Gorillaz,https://i.scdn.co/image/ab67616d0000b273661d019f34569f79eae9e985,2010-03-03,2nZ33CKRbgpJQJJQKHuGXb,Plastic Beach (feat. Mick Jones and Paul Simonon),66,istp
61b1eebc2dde1bd4a71304f7,GRLwood,https://i.scdn.co/image/ab67616d0000b273792da882c2fc2f3b419b4ad6,2019-08-02,051nqR620urZn0vaTzAzoz,I Hate My Mom,63,istp
61b1eebc2dde1bd4a71304f8,The Killers,https://i.scdn.co/image/ab67616d0000b273ccdddd46119a4ff53eaf1f5d,2004,003vvx7Niy0yvhvHt4a68B,Mr. Brightside,84,istp
61b1eebc2dde1bd4a71304f9,Rico Nasty,https://i.scdn.co/image/ab67616d0000b273cd2be2be0e7e67ec390c6465,2020-11-10,3IBGU1NgiTjDsIJn2Jtdg4,OHFR?,54,istp
61b1eebc2dde1bd4a71304fa,The Neighbourhood,https://i.scdn.co/image/ab67616d0000b2739b6ac98a52f62d5cb473da40,2018-11-02,113xf7t4qNM7038YJvauik,Nervous,68,istp
61b1eebc2dde1bd4a71304fb,The Neighbourhood,https://i.scdn.co/image/ab67616d0000b2733066581d697fbdee4303d685,2015-10-30,5E30LdtzQTGqRvNd7l6kG5,Daddy Issues,88,istp
61b1eebc2dde1bd4a71304fc,Various Artists,https://i.scdn.co/image/ab67616d0000b273e2e352d89826aef6dbd5ff8f,2018-12-14,3KkXRkHbMCARz0aVfEt68P,Sunflower - Spider-Man: Into the Spider-Verse,85,istp
61b1eebc2dde1bd4a71304fd,Neon Trees,https://i.scdn.co/image/ab67616d0000b2734a6c0376235e5aa44e59d2c2,2012-01-01,2iUmqdfGZcHIhS3b9E9EWq,Everybody Talks,82,istp
61b1eebc2dde1bd4a71304fe,Anime Kei,https://i.scdn.co/image/ab67616d0000b273074018a41cdc87c520f20ba3,2014-12-08,5YKGHpXZUPSnChwYxbZHW9,"L's Theme (From ""Death Note"") - Instrumental",53,istp
61b1eebc2dde1bd4a71304ff,Gorillaz,https://i.scdn.co/image/ab67616d0000b273f617da9a8e9cac440a2dba16,2001,7yMiX7n9SBvadzox8T5jzT,Clint Eastwood,72,istp
61b1eebc2dde1bd4a7130500,Nirvana,https://i.scdn.co/image/ab67616d0000b273e175a19e530c898d167d39bf,1991-09-26,5ghIJDpPoe3CfHMGu71E6T,Smells Like Teen Spirit,79,istp
61b1eebc2dde1bd4a7130501,Mother Mother,https://i.scdn.co/image/ab67616d0000b2734f2dc51d1c8453753af90ad0,2007-05-08,45i70K1PefHafKui2WxH0M,Oh Ana,73,istp
61b1eebc2dde1bd4a7130502,McCafferty,https://i.scdn.co/image/ab67616d0000b273e993692743470c7ed913c2f7,2014-01-01,1qFWOGLf8rX2lOLrR9wicN,Alligator Skin Boots,67,istp
61b1eebc2dde1bd4a7130503,M83,https://i.scdn.co/image/ab67616d0000b27389c5c957f376e8c87ed23dcc,2011,1eyzqe2QqGZUmfcPZtrIyt,Midnight City,73,istp
61b1eebc2dde1bd4a7130504,Penelope Scott,https://i.scdn.co/image/ab67616d0000b2737f3649e089acda8269f9a68f,2020-05-13,4ZUv5GgKcziw6ZjyxUfudU,Sweet Hibiscus Tea,68,istp
61b1eebc2dde1bd4a7130505,Current Joys,https://i.scdn.co/image/ab67616d0000b2734b0fa4d57c357e44efb95e2c,2015-02-15,2S2ZZeEspQhyEtX8yUHXQO,My Motorcycle,35,istp
61b1eebc2dde1bd4a7130506,Puzzle,https://i.scdn.co/image/ab67616d0000b2739e54c15c0947e01e0e7238c7,2016-02-09,4PqdOR9uAfyNp67P9k3bH2,I Saw an Angel,65,esfj
61b1eebc2dde1bd4a7130507,The Buttertones,https://i.scdn.co/image/ab67616d0000b27331a5311ae420e797f78ece5c,2014-01-22,7wYU1avLwl1Gtkib8OTrZp,Dionysus,53,esfj
61b1eebc2dde1bd4a7130508,Serena Isioma,https://i.scdn.co/image/ab67616d0000b2736c14371fb79606d6a937550b,2020-01-29,0oHEteATZnAZuA9dl1dXF3,Sensitive,73,esfj
61b1eebc2dde1bd4a7130509,Harmless,https://i.scdn.co/image/ab67616d0000b273279c10fd08546bba5039f095,2012-08-14,6hIOunhsLUT66KQgZV5dMD,Swing Lynn,79,esfj
61b1eebc2dde1bd4a713050a,Clairo,https://i.scdn.co/image/ab67616d0000b273efe812ae54f0698a32ccae14,2017-08-04,0KyAGiNGUytG5JLxJu4F6l,Pretty Girl,79,esfj
61b1eebc2dde1bd4a713050b,blink-182,https://i.scdn.co/image/ab67616d0000b2739884fb067234d2036b830429,2016-07-01,6EE19skJ32p58xihYj2Waa,She's Out Of Her Mind,63,esfj
61b1eebc2dde1bd4a713050c,Fountains Of Wayne,https://i.scdn.co/image/ab67616d0000b273079e826265dffc3a8a26bac5,2003-01-01,27L8sESb3KR79asDUBu8nW,Stacy's Mom,76,esfj
61b1eebc2dde1bd4a713050d,Harry Styles,https://i.scdn.co/image/ab67616d0000b27377fdcfda6535601aff081b6a,2019-12-13,6SQLk9HSNketfgs2AyIiMs,She,78,esfj
61b1eebc2dde1bd4a713050e,awfultune,https://i.scdn.co/image/ab67616d0000b27324921d31f2bd373aaf04a6ab,2019-07-31,0mr8FAnN9X70p5KRUwMIJx,I Met Sarah in the Bathroom,81,esfj
61b1eebc2dde1bd4a713050f,awfultune,https://i.scdn.co/image/ab67616d0000b273b8be610762cd13c871d9e922,2019-01-19,2ukrSqd5725LMi9qQjh528,fragile tears,50,esfj
61b1eebc2dde1bd4a7130510,Sir Chloe,https://i.scdn.co/image/ab67616d0000b273c852d66144c55d43b9d8b276,2019-04-11,3sa1wUB8FAkoH95MGPGBWI,Michelle,65,esfj
61b1eebc2dde1bd4a7130511,Arctic Monkeys,https://i.scdn.co/image/ab67616d0000b2730c8ac83035e9588e8ad34b90,2007-04-24,58ge6dfP91o9oXMzq3XkIS,505,80,esfj
61b1eebc2dde1bd4a7130512,Arctic Monkeys,https://i.scdn.co/image/ab67616d0000b2734ae1c4c5c45aabe565499163,2013-09-09,086myS9r57YsLbJpU0TgK9,Why'd You Only Call Me When You're High?,86,esfj
61b1eebc2dde1bd4a7130513,ROLE MODEL,https://i.scdn.co/image/ab67616d0000b273fb1c194dc56c9ef5b809ffea,2020-10-21,0NuWgxEp51CutD2pJoF4OM,blind,73,esfj
61b1eebc2dde1bd4a7130514,Melanie Martinez,https://i.scdn.co/image/ab67616d0000b2733899712512f50a8d9e01e951,2015-08-14,360Wr96ywrCQq4kTAJ8Pq6,Pacify Her,76,esfj
61b1eebc2dde1bd4a7130515,jagger finn,https://i.scdn.co/image/ab67616d0000b273ee2d3d1345c66a43c57f31c3,2019-08-28,6S7o12almFeL57rbRvdY5l,Vas,79,esfj
61b1eebc2dde1bd4a7130516,Lana Del Rey,https://i.scdn.co/image/ab67616d0000b2731624590458126fc8b8c64c2f,2014-01-01,1NZs6n6hl8UuMaX0UC0YTz,Brooklyn Baby,79,esfj
61b1eebc2dde1bd4a7130517,Olivia Rodrigo,https://i.scdn.co/image/ab67616d0000b273a91c10fe9472d9bd89802e5a,2021-05-21,5wANPM4fQCJwkGd4rN57mH,drivers license,91,esfj
61b1eebc2dde1bd4a7130518,"Tyler, The Creator",https://i.scdn.co/image/ab67616d0000b273ab8995f18dc3dd9f34a6acd4,2020-01-25,3jHdKaLCkuNEkWcLVmQPCX,BEST INTEREST,77,esfj
61b1eebc2dde1bd4a7130519,"Grover Washington, Jr.",https://i.scdn.co/image/ab67616d0000b273472fbc1d5743c7d3c75b9ec0,1985,1ko2lVN0vKGUl9zrU0qSlT,Just the Two of Us (feat. Bill Withers),82,esfj
61b1eebc2dde1bd4a713051a,Rex Orange County,https://i.scdn.co/image/ab67616d0000b273733e6d7818eef87d20df86b5,2019-10-25,4EWBhKf1fOFnyMtUzACXEc,Pluto Projector,80,esfj
61b1eebc2dde1bd4a713051b,Frank Ocean,https://i.scdn.co/image/ab67616d0000b2737aede4855f6d0d738012e2e5,2012-07-10,7DfFc7a6Rwfi3YQMRbDMau,Thinkin Bout You,73,esfj
61b1eebc2dde1bd4a713051c,Bedside Kites,https://i.scdn.co/image/ab67616d0000b273d534c1ab936971ab8434a97f,2018-05-05,78TzliRJJhCgsZ0ARUm8vI,A Sad Song About a Girl I No Longer Know,59,esfj
61b1eebc2dde1bd4a713051d,Cavetown,https://i.scdn.co/image/ab67616d0000b27317add53ee7ef16ac10e6f8a9,2019-04-12,6suYoN4gFkanqOBn5yRnJC,Boys Will Be Bugs,77,esfj
61b1eebc2dde1bd4a713051e,Conan Gray,https://i.scdn.co/image/ab67616d0000b27388e3cda6d29b2552d4d6bc43,2020-03-20,4xqrdfXkTW4T0RauPLv3WA,Heather,88,esfj
61b1eebc2dde1bd4a713051f,A-Wall,https://i.scdn.co/image/ab67616d0000b273642f3d8e8208bd784d377b0d,2019-08-04,0qXP5fMhxGzxALOkXYUxfP,Loverboy,79,esfj
61b1eebc2dde1bd4a7130520,Miley Cyrus,https://i.scdn.co/image/ab67616d0000b27358577eee4dcd34c7be1512d1,2020-09-29,5i7ThJfYLAzp2DyZuFpF6j,Heart Of Glass (Live from the iHeart Festival),71,esfj
61b1eebc2dde1bd4a7130521,The Neighbourhood,https://i.scdn.co/image/ab67616d0000b27378f71c0d2fe34592a3c18f80,2013-04-19,2QjOHCTQ1Jl3zawyYOpxh6,Sweater Weather,91,esfj
61b1eebc2dde1bd4a7130522,The Neighbourhood,https://i.scdn.co/image/ab67616d0000b2733066581d697fbdee4303d685,2015-10-30,5E30LdtzQTGqRvNd7l6kG5,Daddy Issues,88,esfj
61b1eebc2dde1bd4a7130523,Coyote Theory,https://i.scdn.co/image/ab67616d0000b273d45404b4c5a5444cb06c9f7b,2020-12-11,79EkGysjP2dL5GdpeQjRxT,This Side of Paradise,79,esfj
61b1eebc2dde1bd4a7130524,Ralph Castelli,https://i.scdn.co/image/ab67616d0000b2732a5fa04e857a15bbab62f018,2019-06-07,2fGRJzoiYJYAzlQAyBONMb,Morning Sex,72,esfj
61b1eebc2dde1bd4a7130525,The Neighbourhood,https://i.scdn.co/image/ab67616d0000b2731a721f3757e5b67f87e1acd3,2020-09-25,7IL8PSVwLOJxqYne6azxQv,Pretty Boy,73,esfj
61b1eebc2dde1bd4a7130526,SALES,https://i.scdn.co/image/ab67616d0000b2731138eea74b6d7e06289bedaa,2016-04-20,0So2sgVa8aJiARPl2P29u2,Pope Is a Rockstar,69,esfj
61b1eebc2dde1bd4a7130527,Michele Leigh,https://i.scdn.co/image/ab67616d0000b273bef7feb9f6ac020f803ec516,2020-04-21,1camd9eP6HEbhNjXww8FKN,Sunflower,63,esfj
61b1eebc2dde1bd4a7130528,Kali Uchis,https://i.scdn.co/image/ab67616d0000b27390b4e1905b1fc48c537ec053,2018-04-06,6LOZws7T3jqZz78unPgFF9,Dead To Me,81,esfj
61b1eebc2dde1bd4a7130529,Danny Knutelsky,https://i.scdn.co/image/ab67616d0000b273d3462b0504688a9533e7a8cb,2019-05-30,1qzxS6BHsAQLJqzuzQPDRS,Crush,49,esfj
61b1eebc2dde1bd4a713052a,Bring Me The Horizon,https://i.scdn.co/image/ab67616d0000b2735149c948fde506624246a684,2020-10-30,36xBFaVGjqm7le8CTHytUj,Parasite Eve,68,estj
61b1eebc2dde1bd4a713052b,Panic! At The Disco,https://i.scdn.co/image/ab67616d0000b27323152d9337d6c57b116ed13a,2016-01-15,3px2rAPu74ltbkf9eZsZ8h,Emperor's New Clothes,71,estj
61b1eebc2dde1bd4a713052c,The Stupendium,https://i.scdn.co/image/ab67616d0000b2735d16ee109d3ce0495300536b,2019-12-02,73MWNenV7mQGUdXB8npY4H,The Fine Print,64,estj
61b1eebc2dde1bd4a713052d,Lorde,https://i.scdn.co/image/ab67616d0000b273187331e276c898d39764cc98,2013-09-27,2dLLR6qlu5UJ5gk0dKz0h3,Royals,79,estj
61b1eebc2dde1bd4a713052e,Hozier,https://i.scdn.co/image/ab67616d0000b27323bde4e85a5ca2e34b78f57b,2014-10-07,5F55SiWwEEytk6vsQXHxQW,In a Week (feat. Karen Cowley),49,estj
61b1eebc2dde1bd4a713052f,Phantogram,https://i.scdn.co/image/ab67616d0000b273d99618fc2eed49eb1b67d6af,2016-10-07,3rchbdfMJ48si8MqFRs6wP,You're Mine,51,estj
61b1eebc2dde1bd4a7130530,Ashnikko,https://i.scdn.co/image/ab67616d0000b273459032f0de5f7f188301d99b,2020-07-09,0AUvWawuP0ibk4SQ3sIZjk,Daisy,76,estj
61b1eebc2dde1bd4a7130531,Lana Del Rey,https://i.scdn.co/image/ab67616d0000b273f894be72a77b1488292672c7,2012-01-01,3QhfFRPkhPCR1RMJWV1gde,Radio,51,estj
61b1eebc2dde1bd4a7130532,Mild High Club,https://i.scdn.co/image/ab67616d0000b27396bc7d5bd0b6488de76598ab,2016-08-26,7DcJ6fEBb7BaKuYKTwiDxK,Homage,77,estj
61b1eebc2dde1bd4a7130533,Mother Mother,https://i.scdn.co/image/ab67616d0000b2736d82586633548d5c122ee00c,2008-09-23,0VmREvheUiN0xgM5fJYQqp,Body,70,estj
61b1eebc2dde1bd4a7130534,IC3PEAK,https://i.scdn.co/image/ab67616d0000b2739ec81d99271804ba71e6300e,2020-04-24,4A0YuzcYuEEP8A3oEZTddL,TRRST,68,estj
61b1eebc2dde1bd4a7130535,Brye,https://i.scdn.co/image/ab67616d0000b273ada3c593bff0bcaf2a6f97a4,2020-03-20,5ukAQcKEIJuzIbP55xp07x,LEMONS - Demo,62,estj
61b1eebc2dde1bd4a7130536,Sir Chloe,https://i.scdn.co/image/ab67616d0000b273f6ab3aa52a1b776a859c9ec7,2020-10-23,48rZVgAGm0OlbbxjikCpqm,Michelle,76,estj
61b1eebc2dde1bd4a7130537,Penelope Scott,https://i.scdn.co/image/ab67616d0000b273512ced983959d4b2e259e907,2020-09-25,25z6kpmIwkCUqk2IORrJ5v,Rät,78,estj
61b1eebc2dde1bd4a7130538,Mother Mother,https://i.scdn.co/image/ab67616d0000b2736d82586633548d5c122ee00c,2008-09-23,3vZUC1m6QVm7urnN6lcF64,Ghosting,70,estj
61b1eebc2dde1bd4a7130539,Panic! At The Disco,https://i.scdn.co/image/ab67616d0000b27323152d9337d6c57b116ed13a,2016-01-15,2DgdHcjWmO3qd50RzuBLgZ,House of Memories,79,estj
61b1eebc2dde1bd4a713053a,GRLwood,https://i.scdn.co/image/ab67616d0000b273428ea052133803b881fcde8b,2018-06-15,0GxbglYySl18aZDIaGu1RU,I'm Yer Dad,70,estj
61b1eebc2dde1bd4a713053b,Jazmin Bean,https://i.scdn.co/image/ab67616d0000b273eea4d8ef4ad2b9b0a7f00d37,2020-11-11,4Cbrtoamv6acNiHNAUKnj0,Princess Castle,59,estj
61b1eebc2dde1bd4a713053c,Madelynne Whitt,https://i.scdn.co/image/ab67616d0000b273117321aed52b359260a9e264,2020-08-07,37gb4JjvBTcuRONxvw8OeF,Where the Watermelons Rot,49,estj
61b1eebc2dde1bd4a713053d,Mother Mother,https://i.scdn.co/image/ab67616d0000b2736d82586633548d5c122ee00c,2008-09-23,2y51QpLzI5qbWfCcSx9Tu1,Wrecking Ball,66,estj
61b1eebc2dde1bd4a713053e,GRLwood,https://i.scdn.co/image/ab67616d0000b273428ea052133803b881fcde8b,2018-06-15,1w47gZOFLLt9voDEyK7fGd,Bisexual,61,estj
61b1eebc2dde1bd4a713053f,Penelope Scott,https://i.scdn.co/image/ab67616d0000b273512ced983959d4b2e259e907,2020-09-25,6Dqs6JddZc16yl27MDzIWY,Lotta True Crime,73,estj
61b1eebc2dde1bd4a7130540,The Front Bottoms,https://i.scdn.co/image/ab67616d0000b273ffaa1812aee0d75e8dd9d5c1,2015-09-18,2UJ2JvrxU5Ue1y08o5TzqJ,The Plan (Fuck Jobs),53,estj
61b1eebc2dde1bd4a7130541,Air Traffic Controller,https://i.scdn.co/image/ab67616d0000b2736727751b5d7c4cd1a9a8ba39,2016-03-11,2cls4groLeYT1zmlXN1pO2,This Is Love,61,estj
61b1eebc2dde1bd4a7130542,IC3PEAK,https://i.scdn.co/image/ab67616d0000b2737bff3aa15c5cb90e0d1a554e,2018-09-28,1PPXvuqGAF3UCbsveKoOIV,Смерти Больше Нет,68,estj
61b1eebc2dde1bd4a7130543,Pomplamoose,https://i.scdn.co/image/ab67616d0000b273f9dc88ab3e9859dbc86b280c,2014-06-21,1Fem9jSJEleNWT1kgt70ST,Bust Your Knee Caps - Johnny Don't Leave Me,67,estj
61b1eebc2dde1bd4a7130544,MARINA,https://i.scdn.co/image/ab67616d0000b273203e4c6a048df02a21cdd813,2012-04-30,2IPMpbBwyCm2V6azTZgAKj,Power &amp; Control,53,estj
61b1eebd2dde1bd4a7130545,McCafferty,https://i.scdn.co/image/ab67616d0000b273e993692743470c7ed913c2f7,2014-01-01,16qh2Xmo8wvvNZoAa55XIn,Bottom,63,isfj
61b1eebd2dde1bd4a7130546,Matt Maltese,https://i.scdn.co/image/ab67616d0000b27367d0cba50eae9026b8958755,2017-03-06,4JE6agBLHGA5TaF6FlqfBD,As the World Caves In,78,isfj
61b1eebd2dde1bd4a7130547,The Walters,https://i.scdn.co/image/ab67616d0000b2739214ff0109a0e062f8a6cf0f,2014-11-28,4SqWKzw0CbA05TGszDgMlc,I Love You So,90,isfj
61b1eebd2dde1bd4a7130548,The Lumineers,https://i.scdn.co/image/ab67616d0000b27300186f40b6ef5d505056e8f7,2013,5E62p9OYWf6Za5eZbXE13N,Dead Sea,42,isfj
61b1eebd2dde1bd4a7130549,salvia palth,https://i.scdn.co/image/ab67616d0000b27375398280edcb0278b4516c48,2013-01-01,7svpAkwc6xaSxlbZ7V7JiS,i was all over her,77,isfj
61b1eebd2dde1bd4a713054a,Mother Mother,https://i.scdn.co/image/ab67616d0000b2736d82586633548d5c122ee00c,2008-09-23,3vZUC1m6QVm7urnN6lcF64,Ghosting,70,isfj
61b1eebd2dde1bd4a713054b,Paramore,https://i.scdn.co/image/ab67616d0000b273e01d7d558032457b0e4883f6,2009-09-28,1Bv3h7Vc4AaYA2BcSM3rVd,All I Wanted,69,isfj
61b1eebd2dde1bd4a713054c,Mom,https://i.scdn.co/image/ab67616d0000b2736696e6cb817d7e74c02b4c7d,2014-01-14,48JJE3CDWQJd0GihDa0f5f,Joyfulthought,46,isfj
61b1eebd2dde1bd4a713054d,Powfu,https://i.scdn.co/image/ab67616d0000b273bf01fd0986a195d485922167,2020-02-08,7eJMfftS33KTjuF7lTsMCx,death bed (coffee for your head),86,isfj
61b1eebd2dde1bd4a713054e,Sofia Mills,https://i.scdn.co/image/ab67616d0000b273462f1cba5ff4acdf7f44c7ad,2018-03-09,28TkNtKHx6UnOZuoyv3Jzv,Coffee Breath,73,isfj
61b1eebd2dde1bd4a713054f,M83,https://i.scdn.co/image/ab67616d0000b27389c5c957f376e8c87ed23dcc,2011,2QVmiA93GVhWNTWQctyY1K,Outro,59,isfj
61b1eebd2dde1bd4a7130550,Air Traffic Controller,https://i.scdn.co/image/ab67616d0000b2736727751b5d7c4cd1a9a8ba39,2016-03-11,2cls4groLeYT1zmlXN1pO2,This Is Love,61,isfj
61b1eebd2dde1bd4a7130551,Cavetown,https://i.scdn.co/image/ab67616d0000b27317add53ee7ef16ac10e6f8a9,2019-04-12,45ROR8UMn60YEVQnDy0uVF,Juliet,79,isfj
61b1eebd2dde1bd4a7130552,Zabawa,https://i.scdn.co/image/ab67616d0000b2732aca306cd946b94a5a0b969c,2020-03-14,36c2NifUp0GDnoOQT5unhR,Butterfly's Repose,63,isfj
61b1eebd2dde1bd4a7130553,Paramore,https://i.scdn.co/image/ab67616d0000b273e71a5005c37e8c2ffd9beda8,2013-04-05,2GBjsCkCpR5w8Zri9aE49H,Interlude: I'm Not Angry Anymore,70,isfj
61b1eebd2dde1bd4a7130554,Ricky Montgomery,https://i.scdn.co/image/ab67616d0000b27367ee332af483acd134fd6fd0,2016-04-08,02H1K5Cw9Ar89b35XwSEw6,My Heart Is Buried In Venice,68,isfj
61b1eebd2dde1bd4a7130555,Cavetown,https://i.scdn.co/image/ab67616d0000b273a29186e92ad38b89ae1611ea,2018-01-01,7asyVbwQE7IbA3x2be7bdI,Fool,70,isfj
61b1eebd2dde1bd4a7130556,Cavetown,https://i.scdn.co/image/ab67616d0000b27361199c081c2c5fac6c44e83e,2019-06-07,3XRALl9CNCnjjbCZid2L9w,Home,74,isfj
61b1eebd2dde1bd4a7130557,awfultune,https://i.scdn.co/image/ab67616d0000b27389f4b2f72ffa95acb221a64a,2018-04-23,6Py8QOQ4I1286xM9KncPQ4,Lvr Boy,70,isfj
61b1eebd2dde1bd4a7130558,Ollie MN,https://i.scdn.co/image/ab67616d0000b273e47badd0d93efba834d7d2cd,2017-09-24,42H6GeQfrBkT3vTUTdpB1M,Please Never Fall in Love Again,68,isfj
61b1eebd2dde1bd4a7130559,dandelion hands,https://i.scdn.co/image/ab67616d0000b2731936dfa81ba2eb3113fc489f,2013-01-01,6ZLt6fyonW1xOGMBC9vJPJ,How To Never Stop Being Sad,64,isfj
61b1eebd2dde1bd4a713055a,Clairo,https://i.scdn.co/image/ab67616d0000b2735d93417bde90e0bd951dab08,2019-02-22,3zksbXteOCeSusJ5Xltr3t,Bubble Gum,81,isfj
61b1eebd2dde1bd4a713055b,Cavetown,https://i.scdn.co/image/ab67616d0000b27317add53ee7ef16ac10e6f8a9,2019-04-12,7KVA9XflawdJaRBd1XYkJu,Hug All Ur Friends,63,isfj
61b1eebd2dde1bd4a713055c,The Front Bottoms,https://i.scdn.co/image/ab67616d0000b2732c98dd8f4413e70f8e736ee4,2014-06-17,7FtWXX2sRIGx95t3cPyHw8,Be Nice To Me,63,isfj
61b1eebd2dde1bd4a713055d,beabadoobee,https://i.scdn.co/image/ab67616d0000b273f12c7a6a377a99c42a37db65,2017-11-06,3s9eWdn8IymCPvVLcKpjww,The Moon Song,68,isfj
61b1eebd2dde1bd4a713055e,Lil Peep,https://i.scdn.co/image/ab67616d0000b273e813c020ab6245eae154ec16,2015,30bqVoKjX479ab90a8Pafp,Star Shopping,85,isfj
61b1eebd2dde1bd4a713055f,EDEN,https://i.scdn.co/image/ab67616d0000b273c61b46cf682d7f0183fcb87c,2016-08-19,26ZX2JrAb8AFbr8FFfAsO7,sex,71,isfj
61b1eebd2dde1bd4a7130560,Eyedress,https://i.scdn.co/image/ab67616d0000b2735898f96751b2fad36d5a2c01,2017-05-12,0RNGGyNM2yWfuTZ9sBz7wg,Separation Anxiety,59,isfj
61b1eebd2dde1bd4a7130561,CMTEN,https://i.scdn.co/image/ab67616d0000b273f922d9c3fbadeef1e2597377,2020-05-01,4iMfYGWDKKuP79CAqsKd3n,NEVER MET! (feat. Glitch Gum),64,isfj
61b1eebd2dde1bd4a7130562,American Pleasure Club,https://i.scdn.co/image/ab67616d0000b273487d83493153ca1fbde9c914,2018-02-16,6N6VqzeyHeQ4ztc4eTmvG7,all the lonely nights in your life,53,isfj
61b1eebd2dde1bd4a7130563,Conan Gray,https://i.scdn.co/image/ab67616d0000b27388e3cda6d29b2552d4d6bc43,2020-03-20,0vq7fkHZl2khMonn5G7d9l,Affluenza,62,istj
61b1eebd2dde1bd4a7130564,Penelope Scott,https://i.scdn.co/image/ab67616d0000b273512ced983959d4b2e259e907,2020-09-25,3GNTTTs9CVmr8RTrilIBOS,American Healthcare (Glitzy),58,istj
61b1eebd2dde1bd4a7130565,Penelope Scott,https://i.scdn.co/image/ab67616d0000b2737f3649e089acda8269f9a68f,2020-05-13,4ZUv5GgKcziw6ZjyxUfudU,Sweet Hibiscus Tea,68,istj
61b1eebd2dde1bd4a7130566,Talking Heads,https://i.scdn.co/image/ab67616d0000b273e71708b667804f6241dd1a59,1977-09-16,1i6N76fftMZhijOzFQ5ZtL,Psycho Killer - 2005 Remaster,75,istj
61b1eebd2dde1bd4a7130567,The Shins,https://i.scdn.co/image/ab67616d0000b273bcf47dc308162706db7b4fb0,2001-06-19,1wAqhAF1dynDjMy7m5CSSE,New Slang,60,istj
61b1eebd2dde1bd4a7130568,Coldplay,https://i.scdn.co/image/ab67616d0000b2733d92b2ad5af9fbc8637425f0,2000-07-10,3AJwUDP919kvQ9QcozQPxg,Yellow,87,istj
61b1eebd2dde1bd4a7130569,Oliver Tree,https://i.scdn.co/image/ab67616d0000b273bf5af474b6ed745faf53f508,2020-07-17,6Ph8QwsRfZunN5e1GGBIqa,Hurt,74,istj
61b1eebd2dde1bd4a713056a,Young the Giant,https://i.scdn.co/image/ab67616d0000b2735d1a1b0e0f3e0fc586393092,2014-01-17,5Az8KU81g2aLBbJN67F2CI,Mind Over Matter,69,istj
61b1eebd2dde1bd4a713056b,My Chemical Romance,https://i.scdn.co/image/ab67616d0000b27317f77fab7e8f18d5f9fee4a1,2006-10-23,0Zh3tKIphLOvQux4dA6PFZ,Mama,70,istj
61b1eebd2dde1bd4a713056c,My Chemical Romance,https://i.scdn.co/image/ab67616d0000b273cab7ae4868e9f9ce6bdfdf43,2004-06-08,7lRlq939cDG4SzWOF4VAnd,I'm Not Okay (I Promise),76,istj
61b1eebd2dde1bd4a713056d,Tally Hall,https://i.scdn.co/image/ab67616d0000b27325a5a1ed28871e8e53e62d59,2011-06-21,3rM10JnYLTVRFBqzMe9Q6Q,Cannibal,57,istj
61b1eebd2dde1bd4a713056e,Conan Gray,https://i.scdn.co/image/ab67616d0000b27388e3cda6d29b2552d4d6bc43,2020-03-20,0yfDVYKVKYrHknz9gVOlQr,Fight or Flight,64,istj
61b1eebd2dde1bd4a713056f,Cavetown,https://i.scdn.co/image/ab67616d0000b2739aff38f63984dd93cd1d750b,2020-03-27,6TCmU4U7Ooqep96bnYx5lH,Sweet Tooth,67,istj
61b1eebd2dde1bd4a7130570,AJJ,https://i.scdn.co/image/ab67616d0000b2732a4aeff3ddbbc30af9131e12,2007-09-11,6bfPo8Ge3VoD4dEGSDs0R9,Brave as a Noun,63,istj
61b1eebd2dde1bd4a7130571,Peach Pit,https://i.scdn.co/image/ab67616d0000b27300b39b4a73d28536690b355c,2018-06-28,6OiRh4kttAs1YWglvTcYkB,Alrighty Aphrodite,71,istj
61b1eebd2dde1bd4a7130572,Jukebox The Ghost,https://i.scdn.co/image/ab67616d0000b273b7d428e7e34fe63e968bf866,2008-04-22,5oiZiF3fBLHqgTDaH0Pj7M,Under My Skin,61,istj
61b1eebd2dde1bd4a7130573,Peach Pit,https://i.scdn.co/image/ab67616d0000b27300b39b4a73d28536690b355c,2018-06-28,1gpBDeONibvJyQYEv5HJh9,Drop the Guillotine,63,istj
61b1eebd2dde1bd4a7130574,chloe moriondo,https://i.scdn.co/image/ab67616d0000b273e3f9a2a211129535d77304a9,2020-04-24,3usozzhsqnw7XnQt9WB3hX,Ghost Adventure Spirit Orb,54,istj
61b1eebd2dde1bd4a7130575,Younger Hunger,https://i.scdn.co/image/ab67616d0000b273c34404fd200f894fe6077b0a,2018-10-12,2JqyquFrqaoKt0SRr91meT,Dead Inside,64,istj
61b1eebd2dde1bd4a7130576,The Honeysticks,https://i.scdn.co/image/ab67616d0000b2730dd0d4017b18354d2bf1b8a9,2017-06-16,7yR5ZDif2glYMnFP73uRMm,Out Like a Light,65,istj
61b1eebd2dde1bd4a7130577,Hozier,https://i.scdn.co/image/ab67616d0000b273d55d04d0d98816ddbcfd2b51,2014-03-09,1UWhx0pFZccP4jdCIZsj7U,Arsonist's Lullabye,63,istj
61b1eebd2dde1bd4a7130578,Melanie Martinez,https://i.scdn.co/image/ab67616d0000b273f4d9b40a06ae18de713a57bc,2020-06-26,6TNWeqDnqdqIQWYMWZmzTA,Fire Drill,68,istj
61b1eebd2dde1bd4a7130579,Superorganism,https://i.scdn.co/image/ab67616d0000b273157830dc62daffb4f00953c1,2018-03-02,4rCKRVJZKVysScn2piDuOT,Something For Your M.I.N.D.,62,istj
61b1eebd2dde1bd4a713057a,McCafferty,https://i.scdn.co/image/ab67616d0000b273e993692743470c7ed913c2f7,2014-01-01,0I8x68KiTOvx1VGDJLXzGO,Dead-Bird,54,istj
61b1eebd2dde1bd4a713057b,IC3PEAK,https://i.scdn.co/image/ab67616d0000b2739ec81d99271804ba71e6300e,2020-04-24,4A0YuzcYuEEP8A3oEZTddL,TRRST,68,istj
61b1eebd2dde1bd4a713057c,Green Day,https://i.scdn.co/image/ab67616d0000b273ac9a652335cf34de9a65292a,1995-10-10,1nLnpLXvl68RZCSjfkyiaa,Brain Stew,69,istj
61b1eebd2dde1bd4a713057d,Beach Bunny,https://i.scdn.co/image/ab67616d0000b2730ec9ae111708f4b8be932d8b,2018-08-10,78j9wYboWAkB0UxVVq0X0H,Painkiller,64,enfp
61b1eebd2dde1bd4a713057e,Beach Bunny,https://i.scdn.co/image/ab67616d0000b273cd8c5684a88874b97247fa4a,2018-01-01,77G0k1La0c5Dw8bAFANcyp,Sports,76,enfp
61b1eebd2dde1bd4a713057f,Men I Trust,https://i.scdn.co/image/ab67616d0000b27340faefaf8ebe0e1564c60faa,2018-02-28,01TyFEZu6mHbffsVfxgrFn,Show Me How,77,enfp
61b1eebd2dde1bd4a7130580,Wild Party,https://i.scdn.co/image/ab67616d0000b273b2b05168e86b0af78ede0d97,2014-10-07,0Z0iYAtKYswMYXL3kJtdO4,Chasin' Honey,57,enfp
61b1eebd2dde1bd4a7130581,Dayglow,https://i.scdn.co/image/ab67616d0000b273ccd63af052f7e438c05f6c94,2019-11-14,6H3vlGfkDO5M2WTDMNbdoI,Junior Varsity,52,enfp
61b1eebd2dde1bd4a7130582,Alvvays,https://i.scdn.co/image/ab67616d0000b273ad8f67f5f03d44e215deea50,2017-09-08,0DRvClQbN9znQ295sx76VC,Dreams Tonite,63,enfp
61b1eebd2dde1bd4a7130583,girl in red,https://i.scdn.co/image/ab67616d0000b273eb13fbc012815ea6e834e842,2018-11-21,1BYZxKSf0aTxp8ZFoeyM3d,we fell in love in october,85,enfp
61b1eebd2dde1bd4a7130584,Sir Chloe,https://i.scdn.co/image/ab67616d0000b273f0a623e49cbfc1c664efd4b6,2019-05-21,19C3dH0RpMnYyp2yWwBaZb,Walk You Home,57,enfp
61b1eebd2dde1bd4a7130585,Cavetown,https://i.scdn.co/image/ab67616d0000b27317add53ee7ef16ac10e6f8a9,2019-04-12,45ROR8UMn60YEVQnDy0uVF,Juliet,79,enfp
61b1eebd2dde1bd4a7130586,awfultune,https://i.scdn.co/image/ab67616d0000b27389f4b2f72ffa95acb221a64a,2018-04-23,6Py8QOQ4I1286xM9KncPQ4,Lvr Boy,70,enfp
61b1eebd2dde1bd4a7130587,Dreamgirl,https://i.scdn.co/image/ab67616d0000b273d531c4f8109c10dbb42d1076,2015-02-14,7mgI1HLrLMlIHL3wzotbyM,Teenage Blue,63,enfp
61b1eebd2dde1bd4a7130588,Beach Bunny,https://i.scdn.co/image/ab67616d0000b2730ec9ae111708f4b8be932d8b,2018-08-10,0Xu6ZcuiQNRqtvvwOxm8y8,6 Weeks,53,enfp
61b1eebd2dde1bd4a7130589,beabadoobee,https://i.scdn.co/image/ab67616d0000b273fe11583497b2a332995b88ed,2018-12-07,7I1kle4TNmkfednJDKo8GR,If You Want To,61,enfp
61b1eebd2dde1bd4a713058a,SWMRS,https://i.scdn.co/image/ab67616d0000b273b774144cc3b0ce9ace3e7864,2016-10-14,0Ceozg27V0Ws9jgQixD8fr,Lose It,60,enfp
61b1eebd2dde1bd4a713058b,Lunar Vacation,https://i.scdn.co/image/ab67616d0000b273ddf48593e7711704b828a5ed,2017-08-10,0qZngsBTYM37fevbe03IlX,Swimming,52,enfp
61b1eebd2dde1bd4a713058c,Declan McKenna,https://i.scdn.co/image/ab67616d0000b273ec8be21d32e663885fbb244e,2017-07-21,5QJuMhGWTUB4t9BqR7ndL3,Make Me Your Queen,62,enfp
61b1eebd2dde1bd4a713058d,Clairo,https://i.scdn.co/image/ab67616d0000b2735d93417bde90e0bd951dab08,2019-02-22,3zksbXteOCeSusJ5Xltr3t,Bubble Gum,81,enfp
61b1eebd2dde1bd4a713058e,beabadoobee,https://i.scdn.co/image/ab67616d0000b27370d6dcccfcf01c9f9e7a9268,2019-08-20,52zzYSu7RUsSFn8cZlVjWp,She Plays Bass,58,enfp
61b1eebd2dde1bd4a713058f,The Japanese House,https://i.scdn.co/image/ab67616d0000b2731e7432b0c27279e2540fdf28,2019-03-01,0ltmioOsLQsL0OFgcPbdVi,i saw you in a dream,63,enfp
61b1eebd2dde1bd4a7130590,The Walters,https://i.scdn.co/image/ab67616d0000b2739214ff0109a0e062f8a6cf0f,2014-11-28,4SqWKzw0CbA05TGszDgMlc,I Love You So,90,enfp
61b1eebd2dde1bd4a7130591,Dayglow,https://i.scdn.co/image/ab67616d0000b273ccd63af052f7e438c05f6c94,2019-11-14,57HJa4ktE7iHGrbFhwzEr2,Fuzzybrain,58,enfp
61b1eebd2dde1bd4a7130592,Greer,https://i.scdn.co/image/ab67616d0000b2737e5e7b7b67a4854a82020590,2019-01-05,0QtWg6I0Y6WM4uoX523SH3,Song for Me,58,enfp
61b1eebd2dde1bd4a7130593,MGMT,https://i.scdn.co/image/ab67616d0000b2738b32b139981e79f2ebe005eb,2007-12-14,1jJci4qxiYcOHhQR247rEU,Kids,79,enfp
61b1eebd2dde1bd4a7130594,Cavetown,https://i.scdn.co/image/ab67616d0000b2731b480ca9f06eab8c0cd5bd6f,2015-08-03,7s8VgA8OjvwBUuigKzEGBx,This Is Home,77,enfp
61b1eebd2dde1bd4a7130595,Lorde,https://i.scdn.co/image/ab67616d0000b273f8553e18a11209d4becd0336,2017-06-16,6ie2Bw3xLj2JcGowOlcMhb,Green Light,75,enfp
61b1eebd2dde1bd4a7130596,Wallows,https://i.scdn.co/image/ab67616d0000b27384feca0133d9a8e6539a8325,2019-03-22,57RA3JGafJm5zRtKJiKPIm,Are You Bored Yet? (feat. Clairo),82,enfp
61b1eebd2dde1bd4a7130597,Frank Ocean,https://i.scdn.co/image/ab67616d0000b273c5649add07ed3720be9d5526,2016-08-20,2ZWlPOoWh0626oTaHrnl2a,Ivy,79,enfp
61b1eebd2dde1bd4a7130598,Tame Impala,https://i.scdn.co/image/ab67616d0000b2739e1cfc756886ac782e363d79,2015-07-17,52ojopYMUzeNcudsoz7O9D,"New Person, Same Old Mistakes",76,enfp
61b1eebd2dde1bd4a7130599,Taylor Swift,https://i.scdn.co/image/ab67616d0000b27395f754318336a07e85ec59bc,2020-07-24,2Eeur20xVqfUoM3Q7EFPFt,the last great american dynasty,73,enfp
61b1eebd2dde1bd4a713059a,Harry Styles,https://i.scdn.co/image/ab67616d0000b27377fdcfda6535601aff081b6a,2019-12-13,45S5WTQEGOB1VHr1Q4FuPl,Golden,85,enfp
61b1eebd2dde1bd4a713059b,Electric Light Orchestra,https://i.scdn.co/image/ab67616d0000b2738c4e95986c803791125e8991,1977,2RlgNHKcydI9sayD2Df2xp,Mr. Blue Sky,81,enfp
61b1eebd2dde1bd4a713059c,Gorillaz,https://i.scdn.co/image/ab67616d0000b27319d85a472f328a6ed9b704cf,2005-05-23,0d28khcov6AiegSCpG5TuT,Feel Good Inc.,84,enfp
61b1eebd2dde1bd4a713059d,BENEE,https://i.scdn.co/image/ab67616d0000b27382f4ec53c54bdd5be4eed4a0,2019-11-15,4nK5YrxbMGZstTLbvj6Gxw,Supalonely,77,enfp
61b1eebd2dde1bd4a713059e,Mitski,https://i.scdn.co/image/ab67616d0000b273e90db8983ebd43b776694179,2014-11-11,3sslYZcFKtUvIEWN9lADgr,First Love / Late Spring,80,enfp
61b1eebd2dde1bd4a713059f,Mag.Lo,https://i.scdn.co/image/ab67616d0000b27351b0b0af87a9fc24f963e6a4,2016-02-01,7fwE3Nr0RsTzYOocfu2XbV,Never,72,enfp
61b1eebe2dde1bd4a71305a0,JAWNY,https://i.scdn.co/image/ab67616d0000b273bf076bd9b8ad8facbb19f473,2020-10-27,6FfLg6FFqhCsrFOaHIGkg0,Honeypie,78,enfj
61b1eebe2dde1bd4a71305a1,Gang of Youths,https://i.scdn.co/image/ab67616d0000b273f539f9a64d5603185f70e02b,2017-08-18,22TntnVO3lQNDR5nsvxGRs,Achilles Come Down,72,enfj
61b1eebe2dde1bd4a71305a2,Strawberry Guy,https://i.scdn.co/image/ab67616d0000b2736cfe31d4e5d58710add69045,2018-08-09,4z9KVNX4hmk672SJfhtQNz,F Song,68,enfj
61b1eebe2dde1bd4a71305a3,Zabawa,https://i.scdn.co/image/ab67616d0000b2732aca306cd946b94a5a0b969c,2020-03-14,36c2NifUp0GDnoOQT5unhR,Butterfly's Repose,63,enfj
61b1eebe2dde1bd4a71305a4,Coyote Theory,https://i.scdn.co/image/ab67616d0000b273d45404b4c5a5444cb06c9f7b,2020-12-11,79EkGysjP2dL5GdpeQjRxT,This Side of Paradise,79,enfj
61b1eebe2dde1bd4a71305a5,Grouplove,https://i.scdn.co/image/ab67616d0000b273d84a9bbcba91cb6a4a212b1b,2011-09-02,0GO8y8jQk1PkHzS31d699N,Tongue Tied,81,enfj
61b1eebe2dde1bd4a71305a6,Boyscott,https://i.scdn.co/image/ab67616d0000b273dfe1b27544c677d741c0c51e,2019-09-13,3OrI7MO3lL6F4dUYS5rCkz,Nova Scotia 500,55,enfj
61b1eebe2dde1bd4a71305a7,Mitski,https://i.scdn.co/image/ab67616d0000b27327b902dbec1dbc25a89100e3,2013-08-01,3eGsNpXzcb1BDkfSJI54NY,Strawberry Blond,69,enfj
61b1eebe2dde1bd4a71305a8,Alex G,https://i.scdn.co/image/ab67616d0000b273efcb38f6e6b28f81f836ec6a,2012-11-05,0Xmz2shisTG8peoqnFj5tu,Sarah,64,enfj
61b1eebe2dde1bd4a71305a9,Clairo,https://i.scdn.co/image/ab67616d0000b27333ccb60f9b2785ef691b2fbc,2019-08-02,6UFivO2zqqPFPoQYsEMuCc,Bags,72,enfj
61b1eebe2dde1bd4a71305aa,Wabie,https://i.scdn.co/image/ab67616d0000b27391ee4ab5782c9b197766ca02,2019-06-19,7rC3P7tpWriaC4hYWKwGQd,Hey Lover!,69,enfj
61b1eebe2dde1bd4a71305ab,Lorde,https://i.scdn.co/image/ab67616d0000b273187331e276c898d39764cc98,2013-09-27,2MvvoeRt8NcOXWESkxWn3g,Ribs,77,enfj
61b1eebe2dde1bd4a71305ac,Beach Bunny,https://i.scdn.co/image/ab67616d0000b273cd8c5684a88874b97247fa4a,2018-01-01,77G0k1La0c5Dw8bAFANcyp,Sports,76,enfj
61b1eebe2dde1bd4a71305ad,Wallows,https://i.scdn.co/image/ab67616d0000b273e8e18f9f660f35532377c3fd,2018-10-11,3VzULnaqPKf1deQyZ5W4Ah,1980s Horror Film II,63,enfj
61b1eebe2dde1bd4a71305ae,Dayglow,https://i.scdn.co/image/ab67616d0000b273ccd63af052f7e438c05f6c94,2019-11-14,0zePbRMJ9sd7wsZRlbPQua,Hot Rod,76,enfj
61b1eebe2dde1bd4a71305af,Wallows,https://i.scdn.co/image/ab67616d0000b2732f9f935ad8d888a88c41d58c,2017-04-12,11zf7m4vw9Ze7cer9Nyhk1,Pleaser,72,enfj
61b1eebe2dde1bd4a71305b0,Declan McKenna,https://i.scdn.co/image/ab67616d0000b273ec8be21d32e663885fbb244e,2017-07-21,5Bge1Dsqjc14hhGguYML5w,Why Do You Feel So Down,67,enfj
61b1eebe2dde1bd4a71305b1,The Backseat Lovers,https://i.scdn.co/image/ab67616d0000b2738386795a636d72e74c958590,2019-01-27,1170VohRSx6GwE6QDCHPPH,Kilby Girl,80,enfj
61b1eebe2dde1bd4a71305b2,HUNNY,https://i.scdn.co/image/ab67616d0000b27399727dda116d38c439bc59cf,2017-05-26,35Ki1lvKPC2sFBD3GmKdRG,Televised,68,enfj
61b1eebe2dde1bd4a71305b3,Wallows,https://i.scdn.co/image/ab67616d0000b273cab540eb0308a06916481581,2019-09-06,0Jgbauc8Nv2OOjR5ERW28B,Just Like A Movie,61,enfj
61b1eebe2dde1bd4a71305b4,boy pablo,https://i.scdn.co/image/ab67616d0000b27339806e9326b2bdc50538e911,2017-05-19,5EV4bGHxVN0kHpcAFvgnTt,"Dance, Baby!",72,enfj
61b1eebe2dde1bd4a71305b5,Beach Bunny,https://i.scdn.co/image/ab67616d0000b273d6fd719531afda5f9cc0e248,2020-02-14,6vFsBXYczYsP0H3lgunZOm,Cloud 9,81,enfj
61b1eebe2dde1bd4a71305b6,Harry Styles,https://i.scdn.co/image/ab67616d0000b27377fdcfda6535601aff081b6a,2019-12-13,6iYMfxznTBlcVOgRHab2W0,"Sunflower, Vol. 6",76,enfj
61b1eebe2dde1bd4a71305b7,BETWEEN FRIENDS,https://i.scdn.co/image/ab67616d0000b273641659fda6c66fc62d34b7c0,2018-04-05,0ygr1n1Xk1UvWrzJXjVVng,iloveyou,62,enfj
61b1eebe2dde1bd4a71305b8,Bowling Shoes,https://i.scdn.co/image/ab67616d0000b273f370fbc024d296813dbf12ec,2018-06-25,110NFrhyUhxxRmMCTdzF2R,Portland,52,enfj
61b1eebe2dde1bd4a71305b9,mxmtoon,https://i.scdn.co/image/ab67616d0000b273bdfad7cd1af57264461de3e9,2020-04-22,5WHgAhE3VlGpBiNKUWEyDY,fever dream,62,enfj
61b1eebe2dde1bd4a71305ba,Summer Salt,https://i.scdn.co/image/ab67616d0000b27372dda75d6fb0b8d524476595,2017-07-18,6PVx8IYQJdeLa2AIJnnFrj,Revvin' My Cj7,59,enfj
61b1eebe2dde1bd4a71305bb,Conan Gray,https://i.scdn.co/image/ab67616d0000b27388e3cda6d29b2552d4d6bc43,2020-03-20,3XOHxCoPkXW0pvR6xl4f0M,Little League,63,enfj
61b1eebe2dde1bd4a71305bc,Mickey Darling,https://i.scdn.co/image/ab67616d0000b27313e741908ed0ef892232b366,2019-11-29,1aBouZtfICZ1PRNCtPcdVL,Reverse Cowgirl,58,enfj
61b1eebe2dde1bd4a71305bd,The Neighbourhood,https://i.scdn.co/image/ab67616d0000b27378f71c0d2fe34592a3c18f80,2013-04-19,2QjOHCTQ1Jl3zawyYOpxh6,Sweater Weather,91,enfj
61b1eebe2dde1bd4a71305be,ella jane,https://i.scdn.co/image/ab67616d0000b273f274c546fa070ab99f1fdec8,2021-09-10,6qtoHId8ZoJ3J5JG6eOqJB,nothing else i could do,62,enfj
61b1eebe2dde1bd4a71305bf,Fitz and The Tantrums,https://i.scdn.co/image/ab67616d0000b273504eb0a2e404c1e538cc6c29,2013-02-08,5qEn8c0MBzyRKgQq91Vevi,Out of My League,66,enfj
61b1eebe2dde1bd4a71305c0,Various Artists,https://i.scdn.co/image/ab67616d0000b273066d0a5c0b2603ac06da7fea,2017-11-03,5c9qm0bMYawSyRNUTmUMs5,Visions of Gideon,60,enfj
61b1eebe2dde1bd4a71305c1,Joy Again,https://i.scdn.co/image/ab67616d0000b2735448a3dfe8528453a3686fd6,2016-01-15,3jfZ9M23l0L7RxzYMTgBTv,Looking Out for You,84,enfj
61b1eebe2dde1bd4a71305c2,Wallows,https://i.scdn.co/image/ab67616d0000b273789e81b6ddbcbeda579d6066,2018-04-06,4gZDCOFuLCxCRWNhSEcOtJ,These Days,69,enfj
61b1eebe2dde1bd4a71305c3,Dayglow,https://i.scdn.co/image/ab67616d0000b273ccd63af052f7e438c05f6c94,2019-11-14,64lsIF5pw0sJY0gV5kz0RN,Can I Call You Tonight?,81,enfj
61b1eebe2dde1bd4a71305c4,Dayglow,https://i.scdn.co/image/ab67616d0000b273ccd63af052f7e438c05f6c94,2019-11-14,0AsUVUloJ52ZCXmqrMFgOI,Run the World!!!,63,enfj
61b1eebe2dde1bd4a71305c5,MyKey,https://i.scdn.co/image/ab67616d0000b273d212be881a7e0541d85ee385,2019-07-26,65j65yDSE06CNKAPjsHoJt,Was It Something I Said,64,enfj
61b1eebe2dde1bd4a71305c6,Tally Hall,https://i.scdn.co/image/ab67616d0000b273b9ccb466665c2ac10dc0d628,2005-10-24,3vFZheR74pxUkzxqhXTZ2X,Ruler of Everything,66,entp
61b1eebe2dde1bd4a71305c7,Life After Youth,https://i.scdn.co/image/ab67616d0000b2739614e8893dc10dc66ee9511d,2018-10-26,5eLSh1cHqZ7d5Pli6kFjTV,beetlejuicebeetlejuicebeetlejuice,50,entp
61b1eebe2dde1bd4a71305c8,Mother Mother,https://i.scdn.co/image/ab67616d0000b2730593d798ca1c1e45eedb1df6,2011-03-15,5dn0Sn7oEwq5Q3Hg5C7W0s,Oleander,53,entp
61b1eebe2dde1bd4a71305c9,Jukebox The Ghost,https://i.scdn.co/image/ab67616d0000b273b7d428e7e34fe63e968bf866,2008-04-22,5oiZiF3fBLHqgTDaH0Pj7M,Under My Skin,61,entp
61b1eebe2dde1bd4a71305ca,Panic! At The Disco,https://i.scdn.co/image/ab67616d0000b27323152d9337d6c57b116ed13a,2016-01-15,6V68ItawQkQlZhYIf1S86C,Crazy = Genius,66,entp
61b1eebe2dde1bd4a71305cb,Saint Motel,https://i.scdn.co/image/ab67616d0000b2738ba29b297a3e252d9d3e59a2,2014-08-16,2Iq6HhIquO7JKr0KfTNLzU,My Type,70,entp
61b1eebe2dde1bd4a71305cc,I DONT KNOW HOW BUT THEY FOUND ME,https://i.scdn.co/image/ab67616d0000b2735263da332771a0d365814a93,2018-08-24,14ny3vlL25p6Vix2Sb8k1b,Do It All The Time,67,entp
61b1eebe2dde1bd4a71305cd,Panic! At The Disco,https://i.scdn.co/image/ab67616d0000b273d8f40ad88ed77a939b716d19,2011-03-18,14uvyd51Ha7FihKHlOtUig,Let's Kill Tonight,63,entp
61b1eebe2dde1bd4a71305ce,The Neighbourhood,https://i.scdn.co/image/ab67616d0000b2731a721f3757e5b67f87e1acd3,2020-09-25,4XfI7M5gLwEY84gYiH4RDD,Devil's Advocate,70,entp
61b1eebe2dde1bd4a71305cf,AJR,https://i.scdn.co/image/ab67616d0000b273fc9511f26808c1eee73b414d,2021-03-26,5FQPpxOXsvkMN6v18gtpwY,Bang!,67,entp
61b1eebe2dde1bd4a71305d0,Poppy,https://i.scdn.co/image/ab67616d0000b273148e78020adb43391ac529e9,2018-10-31,5FXn5JHL50tDPMITGun9zh,Girls In Bikinis,67,entp
61b1eebe2dde1bd4a71305d1,Mindless Self Indulgence,https://i.scdn.co/image/ab67616d0000b273ccb1ab81191b680b84a2e616,2008-04-29,1OzBgu7EIcab8wxnpWB9Qu,Mastermind,51,entp
61b1eebe2dde1bd4a71305d2,I DONT KNOW HOW BUT THEY FOUND ME,https://i.scdn.co/image/ab67616d0000b273d4b2183186f354decd56b57c,2020-10-02,60ItIsHh4L7aumPEET4sp0,New Invention,42,entp
61b1eebe2dde1bd4a71305d3,Mindless Self Indulgence,https://i.scdn.co/image/ab67616d0000b273fcf51005a0d46e55083d4192,2008-01-22,1zjPf0FrnNyiIae9N4adOb,Stupid MF,50,entp
61b1eebe2dde1bd4a71305d4,Mindless Self Indulgence,https://i.scdn.co/image/ab67616d0000b273ccb1ab81191b680b84a2e616,2008-04-29,0YKPrW5i0gcJ9e5GNSAQti,Lights Out,59,entp
61b1eebe2dde1bd4a71305d5,Arctic Monkeys,https://i.scdn.co/image/ab67616d0000b2734ae1c4c5c45aabe565499163,2013-09-09,5XeFesFbtLpXzIVDNQP22n,I Wanna Be Yours,83,entp
61b1eebe2dde1bd4a71305d6,Glass Animals,https://i.scdn.co/image/ab67616d0000b273712701c5e263efc8726b1464,2020-08-07,3USxtqRwSYz57Ewm6wWRMp,Heat Waves,89,entp
61b1eebe2dde1bd4a71305d7,Pink Guy,https://i.scdn.co/image/ab67616d0000b2731e8fd05e38f85c0a52bf017f,2017-01-04,0Dfctnkk9xIikDKJ06uwzo,She's So Nice,66,entp
61b1eebe2dde1bd4a71305d8,Lykke Li,https://i.scdn.co/image/ab67616d0000b2734e520169fed8748fcb8317ad,2019-10-18,0dkvbYmXYEPK7gGMdytmfI,sex money feelings die - slowed version,78,entp
61b1eebe2dde1bd4a71305d9,Conan Gray,https://i.scdn.co/image/ab67616d0000b27388e3cda6d29b2552d4d6bc43,2020-03-20,6KfoDhO4XUWSbnyKjNp9c4,Maniac,83,entp
61b1eebe2dde1bd4a71305da,Billie Eilish,https://i.scdn.co/image/ab67616d0000b27350a3147b4edd7701a876c6ce,2019-03-29,3XF5xLJHOQQRbWya6hBp7d,you should see me in a crown,78,entp
61b1eebe2dde1bd4a71305db,Au/Ra,https://i.scdn.co/image/ab67616d0000b2737cbd52d55d79391b9ea54f88,2018-02-09,7uUahoeqGNRMbpdeiLj1rS,Panic Room,74,entp
61b1eebe2dde1bd4a71305dc,Panic! At The Disco,https://i.scdn.co/image/ab67616d0000b27323152d9337d6c57b116ed13a,2016-01-15,3px2rAPu74ltbkf9eZsZ8h,Emperor's New Clothes,71,entp
61b1eebe2dde1bd4a71305dd,OneRepublic,https://i.scdn.co/image/ab67616d0000b27377a7bd558d81172446e525bb,2009-01-01,0Q0Vl9fKJF5MDxfVKbD78e,Everybody Loves Me,63,entp
61b1eebe2dde1bd4a71305de,Tame Impala,https://i.scdn.co/image/ab67616d0000b27358267bd34420a00d5cf83a49,2020-02-14,5hM5arv9KDbCHS0k9uqwjr,Borderline,79,entp
61b1eebe2dde1bd4a71305df,Arctic Monkeys,https://i.scdn.co/image/ab67616d0000b2734ae1c4c5c45aabe565499163,2013-09-09,2AT8iROs4FQueDv2c8q2KE,R U Mine?,80,entp
61b1eebe2dde1bd4a71305e0,Mother Mother,https://i.scdn.co/image/ab67616d0000b27373eef2e5d5c258e5ed454c91,2012-09-18,0J2wSeaQtC93AYYhBYwi5O,Business Man,50,entp
61b1eebe2dde1bd4a71305e1,Mother Mother,https://i.scdn.co/image/ab67616d0000b2730593d798ca1c1e45eedb1df6,2011-03-15,1KhXD3tMhAWv2f461ZTVBj,Calm Me Down,48,entp
61b1eebe2dde1bd4a71305e2,Younger Hunger,https://i.scdn.co/image/ab67616d0000b273c34404fd200f894fe6077b0a,2018-10-12,2JqyquFrqaoKt0SRr91meT,Dead Inside,64,entp
61b1eebe2dde1bd4a71305e3,Weathers,https://i.scdn.co/image/ab67616d0000b273861da3aeff234f966aec642f,2018-06-22,17weS3aO2oaGYJ9Q9yM56X,I'm Not Ok,64,entp
61b1eebe2dde1bd4a71305e4,Waterparks,https://i.scdn.co/image/ab67616d0000b2733cd2ff03a508f5314a626701,2019-10-11,4ig3DcNoj3UfPdhL2Rw9J1,Turbulent,69,entp
61b1eebe2dde1bd4a71305e5,Weathers,https://i.scdn.co/image/ab67616d0000b273f40b377328f8614879cdd29d,2016-06-03,3zjjzKg16tczCMwckGKGuH,Happy Pills,75,entp
61b1eebe2dde1bd4a71305e6,The Brobecks,https://i.scdn.co/image/ab67616d0000b273531e9f52ddfac179d3e293c7,2009-04-25,2ACs0dJwkSsvNZvEbvFurK,Better Than Me,70,entp
61b1eebe2dde1bd4a71305e7,20 Fingers,https://i.scdn.co/image/ab67616d0000b273cb5f30b072c99d6e450c688a,1994,6ZZr5ew0DvA6xda9T5owOU,Short Dick Man - Club Mix,61,entp
61b1eebe2dde1bd4a71305e8,MARINA,https://i.scdn.co/image/ab67616d0000b273d87ca6aa7defd69f34ed0f6a,2012-04-30,3BbdBuUQIGA3FEZdqUTWpS,Power &amp; Control,36,entj
61b1eebe2dde1bd4a71305e9,t.A.T.u.,https://i.scdn.co/image/ab67616d0000b2733b27e1cd8a6bc6804c2e5fd2,2002,4bJygwUKrRgq1stlNXcgMg,All The Things She Said,78,entj
61b1eebe2dde1bd4a71305ea,Arctic Monkeys,https://i.scdn.co/image/ab67616d0000b2734ae1c4c5c45aabe565499163,2013-09-09,2LGdO5MtFdyphi2EihANZG,Knee Socks,73,entj
61b1eebe2dde1bd4a71305eb,Grimes,https://i.scdn.co/image/ab67616d0000b273550133f6d334ed152d75aa56,2012-02-21,3LGsgpx4TfxhXbr07OFKqs,Oblivion,69,entj
61b1eebe2dde1bd4a71305ec,Jazmin Bean,https://i.scdn.co/image/ab67616d0000b273eea4d8ef4ad2b9b0a7f00d37,2020-11-11,4Cbrtoamv6acNiHNAUKnj0,Princess Castle,59,entj
61b1eebe2dde1bd4a71305ed,Tally Hall,https://i.scdn.co/image/ab67616d0000b273b9ccb466665c2ac10dc0d628,2005-10-24,0HBrtXJohbIW4IhPZ50GmH,The Bidding,73,entj
61b1eebe2dde1bd4a71305ee,The Living Tombstone,https://i.scdn.co/image/ab67616d0000b273469061b25a5af8a8064dfdf3,2012-01-21,611nlMA40SKg9gQ4pTVXT3,Discord,73,entj
61b1eebe2dde1bd4a71305ef,M.I.A.,https://i.scdn.co/image/ab67616d0000b27320e0d874026f971dc2c4822b,2007-08-20,1ixbwbeBi5ufN4noUKmW5a,Paper Planes,78,entj
61b1eebe2dde1bd4a71305f0,Mother Mother,https://i.scdn.co/image/ab67616d0000b2734f2dc51d1c8453753af90ad0,2007-05-08,45i70K1PefHafKui2WxH0M,Oh Ana,73,entj
61b1eebe2dde1bd4a71305f1,McCafferty,https://i.scdn.co/image/ab67616d0000b273a34d00a44d82535c512b5290,2018-03-23,3Z3MKGF5pdbiAbBhj0fqtD,Loser.,51,entj
61b1eebe2dde1bd4a71305f2,Tikkle Me,https://i.scdn.co/image/ab67616d0000b2734993c8b2af84dd3b900f186a,2010-03-23,4ZlQzskKkK4jsbcqO96luB,Blow My Brains Out,58,entj
61b1eebe2dde1bd4a71305f3,Mindless Self Indulgence,https://i.scdn.co/image/ab67616d0000b2736fa2486e8183886fb4eeca30,2015-09-18,6ZJKiScaIdJ70XVKq5K73m,This Hurts,49,entj
61b1eebe2dde1bd4a71305f4,Cheap Perfume,https://i.scdn.co/image/ab67616d0000b27328c13b6324c4239404c75963,2017-09-01,24BexGKYvuQPv2W1ObGYmw,It's Okay (To Punch Nazis),47,entj
61b1eebe2dde1bd4a71305f5,Sir Chloe,https://i.scdn.co/image/ab67616d0000b273f6ab3aa52a1b776a859c9ec7,2020-10-23,4zV3Og5KgrNyZEhzrZzwuk,Too Close,68,entj
61b1eebe2dde1bd4a71305f6,Various Artists,https://i.scdn.co/image/ab67616d0000b273c7eafe9a0cc85b65f05d94ca,2013-01-01,6zLq4lYSu2W7LLxJlUWzz8,Everybody Wants To Rule The World - From “The Hunger Games: Catching Fire” Soundtrack,52,entj
61b1eebe2dde1bd4a71305f7,Gotye,https://i.scdn.co/image/ab67616d0000b273e1d47c00ddecbfb810c807ed,2011-01-01,4wCmqSrbyCgxEXROQE6vtV,Somebody That I Used To Know,78,entj
61b1eebe2dde1bd4a71305f8,Mindless Self Indulgence,https://i.scdn.co/image/ab67616d0000b2739fca40bcb8073b89d626aef0,2005,5abubE0dYFaEPDeM2sZ4TY,What Do They Know?,64,entj
61b1eebe2dde1bd4a71305f9,Fall Out Boy,https://i.scdn.co/image/ab67616d0000b2733cf1c1dbcfa3f1ab7282719b,2015-01-20,04aAxqtGp5pv12UXAg4pkq,Centuries,81,entj
61b1eebe2dde1bd4a71305fa,MARINA,https://i.scdn.co/image/ab67616d0000b27336f6918170afcb7fe66130e5,2010-02-15,4sNwdacKyi2S26WrRtNama,Oh No!,72,entj
61b1eebe2dde1bd4a71305fb,Rico Nasty,https://i.scdn.co/image/ab67616d0000b273cd2be2be0e7e67ec390c6465,2020-11-10,3IBGU1NgiTjDsIJn2Jtdg4,OHFR?,54,entj
61b1eebe2dde1bd4a71305fc,The White Stripes,https://i.scdn.co/image/ab67616d0000b273a69f71a8794e2d867a52f98f,2003-04-01,3dPQuX8Gs42Y7b454ybpMR,Seven Nation Army,85,entj
61b1eebe2dde1bd4a71305fd,The Killers,https://i.scdn.co/image/ab67616d0000b273f555f994cd61c8d017f53a27,2012-09-17,1XsS266JiQtoqqLdlgD17V,Miss Atomic Bomb,59,entj
61b1eebe2dde1bd4a71305fe,Cavetown,https://i.scdn.co/image/ab67616d0000b273a29186e92ad38b89ae1611ea,2018-01-01,12GIjt8ykuIg50ERWM9DRI,10 Feet Tall,50,entj
61b1eebe2dde1bd4a71305ff,grandson,https://i.scdn.co/image/ab67616d0000b2738b5d2ec13eb0893a98737f93,2016-12-16,0LSzBkkQZZkwV656r6etLg,Bury Me Face Down,63,entj
61b1eebe2dde1bd4a7130600,Lincoln,https://i.scdn.co/image/ab67616d0000b27323634754a33768a0d270e135,2017-01-27,4YTFAawmOFyRjJdT6H95oE,Saint Bernard,62,entj
61b1eebe2dde1bd4a7130601,Kate Bush,https://i.scdn.co/image/ab67616d0000b273786b6e14d94db2177fe8f9df,1980-09-08,53Mz9H5UvWMQUXHZnaZYKQ,Babooshka,69,entj
61b1eebe2dde1bd4a7130602,Ashnikko,https://i.scdn.co/image/ab67616d0000b273459032f0de5f7f188301d99b,2020-07-09,0AUvWawuP0ibk4SQ3sIZjk,Daisy,76,entj
61b1eebe2dde1bd4a7130603,Cage The Elephant,https://i.scdn.co/image/ab67616d0000b273e4800c920780ac18d4ab6730,2009-03-24,3Pzh926pXggbMe2ZpXyMV7,Ain't No Rest for the Wicked,74,entj
61b1eebe2dde1bd4a7130604,Bring Me The Horizon,https://i.scdn.co/image/ab67616d0000b27360cf7c8dd93815ccd6cb4830,2013-04-01,0WSa1sucoNRcEeULlZVQXj,Can You Feel My Heart,81,entj
61b1eebe2dde1bd4a7130605,Mother Mother,https://i.scdn.co/image/ab67616d0000b2736d82586633548d5c122ee00c,2008-09-23,0zMAvsQmaQ4DGsmXtKixpn,Burning Pile,80,entj
61b1eebe2dde1bd4a7130606,Penelope Scott,https://i.scdn.co/image/ab67616d0000b273512ced983959d4b2e259e907,2020-09-25,6UYJYgY8VRo6mKrhgTe1CF,Cigarette Ahegao,70,entj
61b1eebe2dde1bd4a7130607,Teddy Hyde,https://i.scdn.co/image/ab67616d0000b273b0cb0a0d42edaa23b1f4c8f0,2018-04-02,1Y2583xYzwiEXDetAB7H1Q,Sex with a Ghost,71,entj
61b1eebe2dde1bd4a7130608,Jazmin Bean,https://i.scdn.co/image/ab67616d0000b273eea4d8ef4ad2b9b0a7f00d37,2020-11-11,22FniXvTKV9IC6IhxCpYve,Hello Kitty,63,entj
61b1eebe2dde1bd4a7130609,The Oozes,https://i.scdn.co/image/ab67616d0000b2731a5cc481cf9b706eae647a58,2020-07-24,5R4OMPuKD1yshMdbk8ibnS,Blah Blah Blah,60,entj
61b1eebe2dde1bd4a713060a,K.Flay,https://i.scdn.co/image/ab67616d0000b273c0920d3c7c26034b09f7be7a,2017-04-07,5PyNnJ2G1BlqbJ8G1cJi72,The President Has A Sex Tape,56,entj
61b1eebe2dde1bd4a713060b,The Front Bottoms,https://i.scdn.co/image/ab67616d0000b2736d63200847e10f38aca82f7a,2013-05-21,0QEbJA017ycE5v7SExu0nT,Lone Star,60,entj
61b1eebe2dde1bd4a713060c,Sohodolls,https://i.scdn.co/image/ab67616d0000b273a57ae6e8c3df0d8f0b050cf7,2007-09-24,2qLSXZuIHMsKydCEFDchc3,Bang Bang Bang Bang,70,entj
61b1eebe2dde1bd4a713060d,K.Flay,https://i.scdn.co/image/ab67616d0000b273c0920d3c7c26034b09f7be7a,2017-04-07,4q604hQba5940BbOoaenmz,Blood In The Cut,64,entj
61b1eebe2dde1bd4a713060e,Bebe Rexha,https://i.scdn.co/image/ab67616d0000b273f1074dfe291fab84f2a22d92,2014-12-19,5LtNBCM2ve0SxP0dlRVvMu,I'm Gonna Show You Crazy,66,entj
61b1eebe2dde1bd4a713060f,Harley Poe,https://i.scdn.co/image/ab67616d0000b273bdbd7a7c369560ea859e85db,2019-04-20,08Yx5cbiEKhnoN7o65je6K,Eat Shit and Die,49,entj
61b1eebe2dde1bd4a7130610,Tally Hall,https://i.scdn.co/image/ab67616d0000b273b9ccb466665c2ac10dc0d628,2005-10-24,0RjG5JmdOWXAR68dGlKBA5,Hidden In the Sand,75,entj
61b1eebe2dde1bd4a7130611,Good Morning,https://i.scdn.co/image/ab67616d0000b273ee07bd960bebd505c1fd05a8,2018-05-11,3koAwrM1RO0TGMeQJ3qt9J,$10,60,intp
61b1eebe2dde1bd4a7130612,Bo Burnham,https://i.scdn.co/image/ab67616d0000b2737bcd00ad448241a28d7e2393,2013-12-17,19Atssu8qmXPrB9jnxeqZZ,"Left Brain, Right Brain",55,intp
61b1eebe2dde1bd4a7130613,Three Days Grace,https://i.scdn.co/image/ab67616d0000b2738443a724ced4e3bef303fb7a,2015-03-27,2UDumaw7osnyjH7RZ2DLpB,I Am Machine,69,intp
61b1eebe2dde1bd4a7130614,Tones And I,https://i.scdn.co/image/ab67616d0000b2738e8197111f9d57793a5e7eff,2021-07-16,2lpq6DxKJaDl7MFPV7asFv,The Kids Are Coming,49,intp
61b1eebe2dde1bd4a7130615,Set It Off,https://i.scdn.co/image/ab67616d0000b27361a2e739fc2a853c99497fc7,2013-06-25,5XLVfQhBz6vkJDd9NhgbXQ,I'll Sleep When I'm Dead,45,intp
61b1eebe2dde1bd4a7130616,HUNNY,https://i.scdn.co/image/ab67616d0000b27399727dda116d38c439bc59cf,2017-05-26,3EFxAAAR0rGkWgKoPRSoIa,Shy,49,intp
61b1eebe2dde1bd4a7130617,Arctic Monkeys,https://i.scdn.co/image/ab67616d0000b2734e1e57eb66ed6b41ac8badd1,2011-06-07,4sBmtEjCR94FQ3Cq2myI6L,Library Pictures,41,intp
61b1eebe2dde1bd4a7130618,SWMRS,https://i.scdn.co/image/ab67616d0000b273b774144cc3b0ce9ace3e7864,2016-10-14,1US5HsLPV7riBx9RSCf4yO,Figuring It Out,42,intp
61b1eebe2dde1bd4a7130619,Cavetown,https://i.scdn.co/image/ab67616d0000b2739ed6b04a8fe894a9204630f6,2015-11-09,6A2itXgDf96XHp9qR6oyPN,Meteor Shower,72,intp
61b1eebe2dde1bd4a713061a,Lana Del Rey,https://i.scdn.co/image/ab67616d0000b273cb76604d9c5963544cf5be64,2012-11-12,4O9dZs2B0ilk4PEfX2bPEv,Diet Mountain Dew,61,intp
61b1eebe2dde1bd4a713061b,"Tyler, The Creator",https://i.scdn.co/image/ab67616d0000b2737005885df706891a3c182a57,2019-05-17,1hz7SRTGUNAtIQ46qiNv2p,"GONE, GONE / THANK YOU",79,intp
61b1eebe2dde1bd4a713061c,Scissor Sisters,https://i.scdn.co/image/ab67616d0000b273ab41b12bbc0f61ebdfb2dfaf,2006-01-01,1zyGFId8xHOcRmCmehrwlc,I Can't Decide,67,intp
61b1eebe2dde1bd4a713061d,Metro Boomin,https://i.scdn.co/image/ab67616d0000b2732887f8c05b5a9f1cb105be29,2018-11-06,1fewSx2d5KIZ04wsooEBOz,Space Cadet (feat. Gunna),82,intp
61b1eebe2dde1bd4a713061e,Lil Darkie,https://i.scdn.co/image/ab67616d0000b27300b9665cba5db36da9675b2b,2019-05-20,68Y3zzmt2XxzheQVGbbJt4,GENOCIDE,71,intp
61b1eebe2dde1bd4a713061f,Saint Motel,https://i.scdn.co/image/ab67616d0000b2738ba29b297a3e252d9d3e59a2,2014-08-16,6RKGBcDtgzXx21zUjpeu6F,Cold Cold Man,67,intp
61b1eebe2dde1bd4a7130620,girl in red,https://i.scdn.co/image/ab67616d0000b27396994b22b295f1a33cf7c268,2019-03-13,7LBfVMw4MNNGCLGmXeuDv6,i need to be alone.,63,intp
61b1eebe2dde1bd4a7130621,MARINA,https://i.scdn.co/image/ab67616d0000b27336f6918170afcb7fe66130e5,2010-02-15,0fiPpwBPIaxxydn4KzX9Tc,I Am Not a Robot,56,intp
61b1eebe2dde1bd4a7130622,Bring Me The Horizon,https://i.scdn.co/image/ab67616d0000b27349e3b7e85829da2fbc68bc46,2019-01-25,4mrjzz6ETpW3wosJUYmKoL,i apologise if you feel something,53,intp
61b1eebe2dde1bd4a7130623,Tikkle Me,https://i.scdn.co/image/ab67616d0000b2734993c8b2af84dd3b900f186a,2010-03-23,4ZlQzskKkK4jsbcqO96luB,Blow My Brains Out,58,intp
61b1eebf2dde1bd4a7130624,Lemon Demon,https://i.scdn.co/image/ab67616d0000b273ae390841cf7a97bf3a59bb5d,2016-02-29,7BxJz17EyAHjZlHEEqrtm6,Eighth Wonder,66,intj
61b1eebf2dde1bd4a7130625,The Living Tombstone,https://i.scdn.co/image/ab67616d0000b2731f055f04f3af6793df8fcbc5,2014-12-04,1gOVlit7zHwuKv8HVta06I,It's Been So Long,60,intj
61b1eebf2dde1bd4a7130626,Gorillaz,https://i.scdn.co/image/ab67616d0000b273661d019f34569f79eae9e985,2010-03-03,1foMv2HQwfQ2vntFf9HFeG,Rhinestone Eyes,83,intj
61b1eebf2dde1bd4a7130627,Mother Mother,https://i.scdn.co/image/ab67616d0000b2736d82586633548d5c122ee00c,2008-09-23,0zMAvsQmaQ4DGsmXtKixpn,Burning Pile,80,intj
61b1eebf2dde1bd4a7130628,Vampire Weekend,https://i.scdn.co/image/ab67616d0000b273f5b71e540a025bb1bdecfae8,2008-01-29,1eNrlXlW7Cj1QB1YUcZmpb,Campus,66,intj
61b1eebf2dde1bd4a7130629,Penelope Scott,https://i.scdn.co/image/ab67616d0000b273512ced983959d4b2e259e907,2020-09-25,25z6kpmIwkCUqk2IORrJ5v,Rät,78,intj
61b1eebf2dde1bd4a713062a,Roar,https://i.scdn.co/image/ab67616d0000b273d72f734a66c2b545facd7517,2010-03-14,40gk32E7YaTFoQwDIWv2SY,Christmas Kids,65,intj
61b1eebf2dde1bd4a713062b,Mother Mother,https://i.scdn.co/image/ab67616d0000b2730593d798ca1c1e45eedb1df6,2011-03-15,0mFSV2Bawz8i9wnlc9eYme,Problems,73,intj
61b1eebf2dde1bd4a713062c,AJJ,https://i.scdn.co/image/ab67616d0000b27318802f08b5f6743387866d70,2020-01-17,3D1PuFi2U8lmtdWRZcCz1f,Body Terror Song,62,intj
61b1eebf2dde1bd4a713062d,Penelope Scott,https://i.scdn.co/image/ab67616d0000b273512ced983959d4b2e259e907,2020-09-25,6Dqs6JddZc16yl27MDzIWY,Lotta True Crime,73,intj
61b1eebf2dde1bd4a713062e,Lana Del Rey,https://i.scdn.co/image/ab67616d0000b2731624590458126fc8b8c64c2f,2014-01-01,7Ms58r8G6Y0r1XLtpwoGxN,Money Power Glory,64,intj
61b1eebf2dde1bd4a713062f,Wallows,https://i.scdn.co/image/ab67616d0000b2737e20b2fb207b843f967890d6,2017-09-13,4BreyjJu4w5EUhTKPIQymq,Uncomfortable,63,intj
61b1eebf2dde1bd4a7130630,grandson,https://i.scdn.co/image/ab67616d0000b273654640e5864f00d8bf6962da,2017-04-12,1CmhkiXegdbj3Ewizvdg2Q,Best Friends,59,intj
61b1eebf2dde1bd4a7130631,The Neighbourhood,https://i.scdn.co/image/ab67616d0000b27378f71c0d2fe34592a3c18f80,2013-04-19,7brQHA2CgQpcMBiOlfiXYb,Afraid,78,intj
61b1eebf2dde1bd4a7130632,Mitski,https://i.scdn.co/image/ab67616d0000b2732eeb705ecc1a0c21cd906c77,2012-01-31,3UChNf9rb9hJZvOcU9HCTb,Liquid Smooth,67,intj
61b1eebf2dde1bd4a7130633,Kate Bush,https://i.scdn.co/image/ab67616d0000b273786b6e14d94db2177fe8f9df,1980-09-08,53Mz9H5UvWMQUXHZnaZYKQ,Babooshka,69,intj
61b1eebf2dde1bd4a7130634,Lorde,https://i.scdn.co/image/ab67616d0000b273187331e276c898d39764cc98,2013-09-27,60jI0JgMLLj1VggHJVhtRs,Glory And Gore,63,intj
61b1eebf2dde1bd4a7130635,Melanie Martinez,https://i.scdn.co/image/ab67616d0000b2734518c57584339120db254db3,2014-05-19,2L3VnHkRi6ElZL2bqu1nBs,Dead to Me,61,intj
61b1eebf2dde1bd4a7130636,Glass Animals,https://i.scdn.co/image/ab67616d0000b2737a293e6787c6d200c5077cd0,2014-06-03,1gk3FhAV07q9Jg77UxnVjX,Gooey,72,intj
61b1eebf2dde1bd4a7130637,Various Artists,https://i.scdn.co/image/ab67616d0000b2738cdc3315bbb5331eddf6a21d,2009-10-09,4k7x3QKrc3h3U0Viqk0uop,Rosyln,77,intj
61b1eebf2dde1bd4a7130638,Lorde,https://i.scdn.co/image/ab67616d0000b273f8553e18a11209d4becd0336,2017-06-16,6Kkt27YmFyIFrcX3QXFi2o,Liability,77,intj
61b1eebf2dde1bd4a7130639,Various Artists,https://i.scdn.co/image/ab67616d0000b273c7eafe9a0cc85b65f05d94ca,2013-01-01,6zLq4lYSu2W7LLxJlUWzz8,Everybody Wants To Rule The World - From “The Hunger Games: Catching Fire” Soundtrack,52,intj
61b1eebf2dde1bd4a713063a,Labrinth,https://i.scdn.co/image/ab67616d0000b27389c39ba1acdf33ed7acd3867,2019-10-04,6N22FZs2ZhPBYi3b9XPajV,Still Don't Know My Name,80,intj
61b1eebf2dde1bd4a713063b,Twenty One Pilots,https://i.scdn.co/image/ab67616d0000b273de03bfc2991fd5bcfde65ba3,2015-05-15,22OqansuvEMQu9W0EfiGTI,We Don't Believe What's on TV,67,intj
61b1eebf2dde1bd4a713063c,Gotye,https://i.scdn.co/image/ab67616d0000b273e1d47c00ddecbfb810c807ed,2011-01-01,4wCmqSrbyCgxEXROQE6vtV,Somebody That I Used To Know,78,intj
61b1eebf2dde1bd4a713063d,Gang of Youths,https://i.scdn.co/image/ab67616d0000b273f539f9a64d5603185f70e02b,2017-08-18,22TntnVO3lQNDR5nsvxGRs,Achilles Come Down,72,intj
61b1eebf2dde1bd4a713063e,Mitski,https://i.scdn.co/image/ab67616d0000b27327b902dbec1dbc25a89100e3,2013-08-01,4N2ibi4kcH4D5ZYYvMiKsg,Class of 2013,68,intj
61b1eebf2dde1bd4a713063f,Lincoln,https://i.scdn.co/image/ab67616d0000b273d1546c70238fa6aa13610c03,2020-09-18,3JPnVN4wYlmQnuD7OgDx88,Saint Bernard,67,intj
61b1eebf2dde1bd4a7130640,Penelope Scott,https://i.scdn.co/image/ab67616d0000b273512ced983959d4b2e259e907,2020-09-25,6e0vjU61OuUzcqVKPEXHb4,Feel Better,73,intj
61b1eebf2dde1bd4a7130641,Miracle Musical,https://i.scdn.co/image/ab67616d0000b2738fcbcb3e5252e5f98f515978,2012,7qLs0IyUn6TrqgMzQ33SdH,Introduction to the Snow,61,intj
61b1eebf2dde1bd4a7130642,Steppes,https://i.scdn.co/image/ab67616d0000b2739ebf49696742c5d07de6f7c5,2018-08-31,2p975L9RyQFC95S1cJimnk,Marceline The Vampire,53,intj
61b1eebf2dde1bd4a7130643,Autoheart,https://i.scdn.co/image/ab67616d0000b273748c0613cdb3f14220fec8d2,2013-02-11,0pEC10owcK34KgGYGddAqU,Stalker's Tango,73,intj
61b1eebf2dde1bd4a7130644,Superorganism,https://i.scdn.co/image/ab67616d0000b273157830dc62daffb4f00953c1,2018-03-02,4rCKRVJZKVysScn2piDuOT,Something For Your M.I.N.D.,62,intj
61b1eebf2dde1bd4a7130645,Flatsound,https://i.scdn.co/image/ab67616d0000b2732e33ade31b5836104a934777,2009-09-09,0nO25NiPrKX64oy7lz5ZaJ,I Exist I Exist I Exist,61,intj
61b1eebf2dde1bd4a7130646,Tikkle Me,https://i.scdn.co/image/ab67616d0000b2734993c8b2af84dd3b900f186a,2010-03-23,4ZlQzskKkK4jsbcqO96luB,Blow My Brains Out,58,intj
61b1eebf2dde1bd4a7130647,Sir Chloe,https://i.scdn.co/image/ab67616d0000b273f6ab3aa52a1b776a859c9ec7,2020-10-23,6lgA1MVkKnb8X77GC4vjJl,Sedona,59,infp
61b1eebf2dde1bd4a7130648,Fox Academy,https://i.scdn.co/image/ab67616d0000b2736ee599adbf68bf5b95b68864,2015-07-15,6hzEumHWNUVB0VWobDBT6x,Choking on Flowers,64,infp
61b1eebf2dde1bd4a7130649,Mitski,https://i.scdn.co/image/ab67616d0000b273c428f67b4a9b7e1114dfc117,2018-08-17,0pM91oR6zMZcepPBklxO8Q,Two Slow Dancers,65,infp
61b1eebf2dde1bd4a713064a,Slow Pulp,https://i.scdn.co/image/ab67616d0000b27390650066f81cecbc2d7926f3,2019-05-15,3GaamyFHQYbQi1ykc4nV4o,High,60,infp
61b1eebf2dde1bd4a713064b,Molina,https://i.scdn.co/image/ab67616d0000b2730ad149b7241c212290bb11cf,2018-04-20,5poS8LyxohSACjuIZ61EyS,Hey Kids,70,infp
61b1eebf2dde1bd4a713064c,dandelion hands,https://i.scdn.co/image/ab67616d0000b2731936dfa81ba2eb3113fc489f,2013-01-01,4mlqHOqOXja92BT4M51lkj,I Like You,55,infp
61b1eebf2dde1bd4a713064d,Lunar Vacation,https://i.scdn.co/image/ab67616d0000b273ddf48593e7711704b828a5ed,2017-08-10,0qZngsBTYM37fevbe03IlX,Swimming,52,infp
61b1eebf2dde1bd4a713064e,Mitski,https://i.scdn.co/image/ab67616d0000b27329eb9ad9b9af34bbb54eb053,2016-06-17,6gz3orrUlKresI8GShSkdq,A Burning Hill,70,infp
61b1eebf2dde1bd4a713064f,Mag.Lo,https://i.scdn.co/image/ab67616d0000b27351b0b0af87a9fc24f963e6a4,2016-02-01,7fwE3Nr0RsTzYOocfu2XbV,Never,72,infp
61b1eebf2dde1bd4a7130650,Current Joys,https://i.scdn.co/image/ab67616d0000b27327b8f6bcf663da4e40336931,2018-03-02,7aYiYaxd1OAcPVQ32PXEXx,In a Year of 13 Moons,46,infp
61b1eebf2dde1bd4a7130651,Phoebe Bridgers,https://i.scdn.co/image/ab67616d0000b273a91b75c9ef65ed8d760ff600,2020-06-18,4vjvx7Zxkb4AltGcZ0BBvI,Kyoto,73,infp
61b1eebf2dde1bd4a7130652,Fleetwood Mac,https://i.scdn.co/image/ab67616d0000b273e52a59a28efa4773dd2bfe1b,1977-02-04,0ofHAoxe9vBkTCp2UQIavz,Dreams - 2004 Remaster,85,infp
61b1eebf2dde1bd4a7130653,Men I Trust,https://i.scdn.co/image/ab67616d0000b27340faefaf8ebe0e1564c60faa,2018-02-28,01TyFEZu6mHbffsVfxgrFn,Show Me How,77,infp
61b1eebf2dde1bd4a7130654,"Dream, Ivory",https://i.scdn.co/image/ab67616d0000b273a652fc5ec0a0f1ba10168c71,2017-03-09,1VqYfdsorchSvhXW6gtBzo,"Dream, Ivory",65,infp
61b1eebf2dde1bd4a7130655,Her's,https://i.scdn.co/image/ab67616d0000b273fc1bc1cf80c431c2bdbde601,2017-05-12,1XrSjpNe49IiygZfzb74pk,What Once Was,75,infp
61b1eebf2dde1bd4a7130656,Joy Again,https://i.scdn.co/image/ab67616d0000b2735448a3dfe8528453a3686fd6,2016-01-15,3jfZ9M23l0L7RxzYMTgBTv,Looking Out for You,84,infp
61b1eebf2dde1bd4a7130657,Lorde,https://i.scdn.co/image/ab67616d0000b273187331e276c898d39764cc98,2013-09-27,2MvvoeRt8NcOXWESkxWn3g,Ribs,77,infp
61b1eebf2dde1bd4a7130658,Videoclub,https://i.scdn.co/image/ab67616d0000b273fb35bd51df43765ef89a13ce,2018-09-08,7M3HuQRRAm1QD4kftmq0bb,Amour plastique,71,infp
61b1eebf2dde1bd4a7130659,The Walters,https://i.scdn.co/image/ab67616d0000b273582e6a30d15b8bfda2b50cdc,2015-12-23,7MBSbBrx0TvBYyKEcpGcJb,Sweet Marie,60,infp
61b1eebf2dde1bd4a713065a,Beach House,https://i.scdn.co/image/ab67616d0000b2739b7190e673e46271b2754aab,2015-08-28,7H0ya83CMmgFcOhw0UB6ow,Space Song,81,infp
61b1eebf2dde1bd4a713065b,Phoebe Bridgers,https://i.scdn.co/image/ab67616d0000b273a91b75c9ef65ed8d760ff600,2020-06-18,46RNrAkGsqWTDrv2ZPOAbx,Moon Song,69,infp
61b1eebf2dde1bd4a713065c,SALES,https://i.scdn.co/image/ab67616d0000b2730b6cf09d061f569dd906e490,2013-06-23,5MeUMSRreLHYLhw8ZTyqpk,Renee,70,infp
61b1eebf2dde1bd4a713065d,Cults,https://i.scdn.co/image/ab67616d0000b273bb2c501e91fd02780cd332c6,2013-10-15,2enPRFda84VE2wtI8c86Uf,Always Forever,82,infp
61b1eebf2dde1bd4a713065e,"Dream, Ivory",https://i.scdn.co/image/ab67616d0000b273e2f88445df9cb887332ed9ba,2018-03-31,5F3DM6Iz4axGiLUhxvQLs1,welcome and goodbye,70,infp
61b1eebf2dde1bd4a713065f,Lord Huron,https://i.scdn.co/image/ab67616d0000b2739d2efe43d5b7ebc7cb60ca81,2015-04-07,1bqrRn1pJWowNLA5N9L6uW,Meet Me in the Woods,64,infp
61b1eebf2dde1bd4a7130660,Briston Maroney,https://i.scdn.co/image/ab67616d0000b273d9ab9c04123be3bc2cf7a77d,2018-11-16,6Fqf0OTfB9VPfYk2HfBhPn,Freakin' Out On the Interstate,65,infp
61b1eebf2dde1bd4a7130661,Troye Sivan,https://i.scdn.co/image/ab67616d0000b273c9eb4c87e1d7f5353908b712,2018-03-16,3afkJSKX0EAMsJXTZnDXXJ,Strawberries &amp; Cigarettes,82,infp
61b1eebf2dde1bd4a7130662,Clairo,https://i.scdn.co/image/ab67616d0000b2735d93417bde90e0bd951dab08,2019-02-22,3zksbXteOCeSusJ5Xltr3t,Bubble Gum,81,infp
61b1eebf2dde1bd4a7130663,Cavetown,https://i.scdn.co/image/ab67616d0000b27317add53ee7ef16ac10e6f8a9,2019-04-12,7KVA9XflawdJaRBd1XYkJu,Hug All Ur Friends,63,infp
61b1eebf2dde1bd4a7130664,The Greeting Committee,https://i.scdn.co/image/ab67616d0000b27388fc8fe17e9a38c909f52066,2018-10-26,4nz6Mx9m84P6Cn4cJp2BJR,Don't Go,47,infp
61b1eebf2dde1bd4a7130665,chloe moriondo,https://i.scdn.co/image/ab67616d0000b273a21a30e9850057345cce3182,2018-07-31,0ZP3E9L1I0C6rmD0CAKqDc,Silly Girl,67,infp
61b1eebf2dde1bd4a7130666,TEMPOREX,https://i.scdn.co/image/ab67616d0000b27370318591e08f17f2d3eae060,2017-01-11,6dBedWHLNERW7BDHibXzwj,Alone Time,40,infp
61b1eebf2dde1bd4a7130667,TV Girl,https://i.scdn.co/image/ab67616d0000b2733cfca71bb96dacbb1c0fb2bf,2014-06-05,1H7zdcRD0gLGQY0w5ejGgX,Lovers Rock,80,infp
61b1eebf2dde1bd4a7130668,The Marías,https://i.scdn.co/image/ab67616d0000b2730924b9c6232d2348d4efa0dc,2017-11-03,190IqlryWu91WBKeDgZqZz,Only in My Dreams,68,infp
61b1eebf2dde1bd4a7130669,Joy Again,https://i.scdn.co/image/ab67616d0000b273ce7368cb779cc5446e275f70,2017-09-20,5gxSuOJNcu4s05gXNSYahM,Kim,54,infp
61b1eebf2dde1bd4a713066a,In Love With a Ghost,https://i.scdn.co/image/ab67616d0000b2738a129baedb4c323bd8e87647,2017-10-23,5VnaOLeK1lKfULuNwet8ck,Flowers,65,infp
61b1eebf2dde1bd4a713066b,Boyscott,https://i.scdn.co/image/ab67616d0000b273dfe1b27544c677d741c0c51e,2019-09-13,3My7lwGD0D1SvJ2JzSipUN,Killer Whale,48,infp
61b1eebf2dde1bd4a713066c,Joji,https://i.scdn.co/image/ab67616d0000b27323c552a7a4fdafac02e08c34,2020-09-24,5jSBnH9NyaNP5zdSB3pwgu,Gimme Love,68,infp
61b1eebf2dde1bd4a713066d,Lowertown,https://i.scdn.co/image/ab67616d0000b273cf60fc919064993d8d31ca3b,2019-01-28,6WW4E1j4S1HflyvOdAFp7u,George,40,infp
61b1eebf2dde1bd4a713066e,Vacations,https://i.scdn.co/image/ab67616d0000b2731fed61780bb4246ddd9d0b24,2018-03-25,3xbDgbZr6lIoggCsoi3rZ3,Telephones,73,infp
61b1eebf2dde1bd4a713066f,The Velveteins,https://i.scdn.co/image/ab67616d0000b2737ca8a7feedca341eece79804,2017-05-12,1cHWcR8wg93s6BkQMbWAMY,Midnight Surf,43,infp
61b1eebf2dde1bd4a7130670,The Japanese House,https://i.scdn.co/image/ab67616d0000b2731e7432b0c27279e2540fdf28,2019-03-01,5Po5YmT4RhawSeqNXx5m0o,Maybe You're the Reason,55,infp
61b1eebf2dde1bd4a7130671,Surf Curse,https://i.scdn.co/image/ab67616d0000b2739efda673310de265a2c1cf1f,2021-05-15,7EkWXAI1wn8Ii883ecd9xr,Freaks,89,infj
61b1eebf2dde1bd4a7130672,Vacations,https://i.scdn.co/image/ab67616d0000b273f6b610200eb1f2fcf6cebe1b,2016-12-09,3OP8UeYimRl9HCNxMg7Ihl,Young,82,infj
61b1eebf2dde1bd4a7130673,Miracle Musical,https://i.scdn.co/image/ab67616d0000b2738fcbcb3e5252e5f98f515978,2012,7qLs0IyUn6TrqgMzQ33SdH,Introduction to the Snow,61,infj
61b1eebf2dde1bd4a7130674,Ludovico Einaudi,https://i.scdn.co/image/ab67616d0000b2736c8ef0538e04f2e28380dcc5,2013-01-01,1BncfTJAWxrsxyT9culBrj,Experience,81,infj
61b1eebf2dde1bd4a7130675,Miracle Musical,https://i.scdn.co/image/ab67616d0000b2738fcbcb3e5252e5f98f515978,2012,3RznzRnsl8mzP63l4AF2M7,Dream Sweet in Sea Major,67,infj
61b1eebf2dde1bd4a7130676,Current Joys,https://i.scdn.co/image/ab67616d0000b273aa34e56c440a5e8790b524c3,2013-01-02,6KLryqTzWSb2arerRgw0r0,Televisions,55,infj
61b1eebf2dde1bd4a7130677,.anxious.,https://i.scdn.co/image/ab67616d0000b2735c6361858463e7b65bea539f,2017-09-22,4kPmbjbr2oUHJmaDXEDno4,memories,38,infj
61b1eebf2dde1bd4a7130678,Mac DeMarco,https://i.scdn.co/image/ab67616d0000b273d18fa8f63707115cb1b38f65,2017-05-05,4RpwQDPnn1GhWpZooUcCzd,On the Level,67,infj
61b1eebf2dde1bd4a7130679,Pixies,https://i.scdn.co/image/ab67616d0000b273626ad9bb7d5f84c59652b161,1988-03-21,7wCmS9TTVUcIhRalDYFgPy,Where Is My Mind? - Remastered,78,infj
61b1eebf2dde1bd4a713067a,Current Joys,https://i.scdn.co/image/ab67616d0000b273aa34e56c440a5e8790b524c3,2013-01-02,6HJxxqHWMdidwTVZmZWeHU,New Flesh,69,infj
61b1eebf2dde1bd4a713067b,Current Joys,https://i.scdn.co/image/ab67616d0000b273598ddce1c2fd05f5987ecb67,2015-03-08,3pyyGVqWvRMq43qtJBzxe0,Kids,70,infj
61b1eebf2dde1bd4a713067c,Roar,https://i.scdn.co/image/ab67616d0000b273d72f734a66c2b545facd7517,2010-03-14,0I1eFRytp4XRhLCjT6tZm7,I Can't Handle Change,83,infj
61b1eebf2dde1bd4a713067d,The Honeysticks,https://i.scdn.co/image/ab67616d0000b2730dd0d4017b18354d2bf1b8a9,2017-06-16,7yR5ZDif2glYMnFP73uRMm,Out Like a Light,65,infj
61b1eebf2dde1bd4a713067e,Lorde,https://i.scdn.co/image/ab67616d0000b273187331e276c898d39764cc98,2013-09-27,55N0YHhO55Q1lWsc4dDPcI,A World Alone,61,infj
61b1eebf2dde1bd4a713067f,Mac DeMarco,https://i.scdn.co/image/ab67616d0000b273ec6e9c13eeed14eedbd5f7c9,2014-04-01,7H7NyZ3G075GqPx2evsfeb,Chamber Of Reflection,81,infj
61b1eebf2dde1bd4a7130680,Ricky Montgomery,https://i.scdn.co/image/ab67616d0000b27367ee332af483acd134fd6fd0,2016-04-08,2IVsRhKrx8hlQBOWy4qebo,Mr Loverman,82,infj
61b1eebf2dde1bd4a7130681,Mother Mother,https://i.scdn.co/image/ab67616d0000b2736d82586633548d5c122ee00c,2008-09-23,1rRwwqteLePmi70PGaC8ah,Arms Tonite,75,infj
61b1eebf2dde1bd4a7130682,M83,https://i.scdn.co/image/ab67616d0000b27389c5c957f376e8c87ed23dcc,2011,3rTnGUeDrnZV22DvRuUuXr,Wait,66,infj
61b1eebf2dde1bd4a7130683,MGMT,https://i.scdn.co/image/ab67616d0000b273b47d309281c66820b7137f5d,2018-02-09,3td69vL9Py7Ai9wfXYnvji,When You Die,70,infj
61b1eebf2dde1bd4a7130684,Kodaline,https://i.scdn.co/image/ab67616d0000b2733e42854096da9a3b1ca901c9,2013-06-17,0NlGoUyOJSuSHmngoibVAs,All I Want,84,infj
61b1eebf2dde1bd4a7130685,girl in red,https://i.scdn.co/image/ab67616d0000b273ba7df0fab9688ed94268d848,2019-07-17,7yyJF1BYBaCifNmO1RGhv7,i'll die anyway.,69,infj
61b1eebf2dde1bd4a7130686,girl in red,https://i.scdn.co/image/ab67616d0000b273dab65623cd55c370bab8160c,2018-08-10,4BWJGWmzbjsnA94Weyi5j4,4am,64,infj
61b1eebf2dde1bd4a7130687,Eyedress,https://i.scdn.co/image/ab67616d0000b273af1e6cfa7354e35afda4c92b,2020-08-07,5KbTBSGUvgDg75gIVhUaAW,Jealous,81,infj
61b1eebf2dde1bd4a7130688,Strawberry Guy,https://i.scdn.co/image/ab67616d0000b273c7bf2d32338df6a5ba68d3a5,2019-07-22,45BBlVHECwB0uNt7BsJ97r,Mrs Magic,78,infj
61b1eebf2dde1bd4a7130689,Fox Academy,https://i.scdn.co/image/ab67616d0000b273c0ae9fe9e07c12e10ba54234,2015-01-06,4sXwt3StCVkgLyxxvgVXrq,lavender blood,62,infj
61b1eebf2dde1bd4a713068a,Joy Again,https://i.scdn.co/image/ab67616d0000b273c4cfbdfe673542049e7390f6,2017-01-17,0aVM2DspPoHNTDBm7ehySx,Necromancer,63,infj
61b1eebf2dde1bd4a713068b,Oliver Tree,https://i.scdn.co/image/ab67616d0000b273bf5af474b6ed745faf53f508,2020-07-17,3BIIJgBJJ7NhhCv4MI6n7w,Alien Boy,75,infj
61b1eebf2dde1bd4a713068c,salvia palth,https://i.scdn.co/image/ab67616d0000b27375398280edcb0278b4516c48,2013-01-01,5LxdOkc6kmpxFk2bvJZqaI,post traumatic all-night-long,52,infj
61b1eebf2dde1bd4a713068d,MyKey,https://i.scdn.co/image/ab67616d0000b273d212be881a7e0541d85ee385,2019-07-26,65j65yDSE06CNKAPjsHoJt,Was It Something I Said,64,infj
61b1eebf2dde1bd4a713068e,Current Joys,https://i.scdn.co/image/ab67616d0000b273598ddce1c2fd05f5987ecb67,2015-03-08,3pyyGVqWvRMq43qtJBzxe0,Kids,70,infj
61b1eebf2dde1bd4a713068f,Current Joys,https://i.scdn.co/image/ab67616d0000b27327b8f6bcf663da4e40336931,2018-03-02,7Ko1ZXgGku1hjFH7LIfD33,Become the Warm Jets,62,infj
61b1eebf2dde1bd4a7130690,Matt Maltese,https://i.scdn.co/image/ab67616d0000b27367d0cba50eae9026b8958755,2017-03-06,4JE6agBLHGA5TaF6FlqfBD,As the World Caves In,78,infj
61b1eebf2dde1bd4a7130691,Joji,https://i.scdn.co/image/ab67616d0000b2738e947f66f6d4eeaa56a28767,2018-02-14,0baNzeUcPQnQSagpe8T0mD,worldstar money (interlude),80,infj
61b1eebf2dde1bd4a7130692,Current Joys,https://i.scdn.co/image/ab67616d0000b273aa34e56c440a5e8790b524c3,2013-01-02,3xfWt6RJrSA6HvwS3SRgXh,You Broke My Heart,52,infj
61b1eebf2dde1bd4a7130693,Current Joys,https://i.scdn.co/image/ab67616d0000b27327b8f6bcf663da4e40336931,2018-03-02,5iMXCDWA4FxPNcOnq0HrpJ,A Different Age,60,infj
61b1eebf2dde1bd4a7130694,salvia palth,https://i.scdn.co/image/ab67616d0000b27375398280edcb0278b4516c48,2013-01-01,0riQ5biFBQYCclYUACchr0,girl,58,infj
61b1eebf2dde1bd4a7130695,Current Joys,https://i.scdn.co/image/ab67616d0000b27327b8f6bcf663da4e40336931,2018-03-02,7aYiYaxd1OAcPVQ32PXEXx,In a Year of 13 Moons,46,infj
61b1eebf2dde1bd4a7130696,Harmless,https://i.scdn.co/image/ab67616d0000b273bc05f687f38b413b54e91801,2020-05-27,3lsh4fIbGeHZDFovC0InnY,Swing Lynn (Slowed Version),68,infj
61b1eebf2dde1bd4a7130697,Johnny Goth,https://i.scdn.co/image/ab67616d0000b2739405e564463c8865e87f2d42,2017-02-22,0IvaKmBYBLVcdP0Ft8Dwik,Feels Like We're Dying,55,infj
61b1eebf2dde1bd4a7130698,Grouper / Inca Ore,https://i.scdn.co/image/ab67616d0000b2735e72d322723bdbff32320cd0,2008-06-03,6RDVwKLpBBEksWdp9jwBlD,Poison Tree,69,infj
61b1eebf2dde1bd4a7130699,MGMT,https://i.scdn.co/image/ab67616d0000b273b47d309281c66820b7137f5d,2018-02-09,2Y0iGXY6m6immVb2ktbseM,Little Dark Age,84,infj
61b1eebf2dde1bd4a713069a,M83,https://i.scdn.co/image/ab67616d0000b27389c5c957f376e8c87ed23dcc,2011,1Fwj0wThn3kTg8D7KgWdsU,My Tears Are Becoming A Sea,62,infj
61b1eebf2dde1bd4a713069b,Oliver Tree,https://i.scdn.co/image/ab67616d0000b273bf5af474b6ed745faf53f508,2020-07-17,1NqZLnMekPpw6lYTartrng,Introspective,54,infj
61b1eebf2dde1bd4a713069c,Flatsound,https://i.scdn.co/image/ab67616d0000b2732e33ade31b5836104a934777,2009-09-09,0nO25NiPrKX64oy7lz5ZaJ,I Exist I Exist I Exist,61,infj
61b1eebf2dde1bd4a713069d,jagger finn,https://i.scdn.co/image/ab67616d0000b273ee2d3d1345c66a43c57f31c3,2019-08-28,6S7o12almFeL57rbRvdY5l,Vas,79,infj
61b1eebf2dde1bd4a713069e,Noah Kittinger,https://i.scdn.co/image/ab67616d0000b273e1e9c514b65f6c40abf09f74,2016-02-14,0GevyB8xMZvEMNtyVCOxLf,All I Know,50,infj
61b1eebf2dde1bd4a713069f,american poetry club,https://i.scdn.co/image/ab67616d0000b2736128c7ef715f25debc3d922a,2018-08-27,6syTTGh4xScpX59GOPeNDi,KMD (And You Are Ever So Dear in Our Hearts Because of It!),45,infj
61b1eebf2dde1bd4a71306a0,bbno$,https://i.scdn.co/image/ab67616d0000b273cf614ee721dfd6597b5a8ea7,2021-01-29,4YMc3A256xFBS0xcT77Qce,help herself,73,infj
